﻿<?xml version="1.0" encoding="utf-8"?>
<AppVariables version="2.0">
  <Datasets>
    <Dataset id="gdsUserInfo">
      <ColumnInfo>
        <Column id="USER_ID" type="STRING" size="256"/>
        <Column id="USER_PW" type="STRING" size="256"/>
        <Column id="USER_NAME" type="STRING" size="256"/>
        <Column id="USER_EMAIL" type="STRING" size="256"/>
        <Column id="USER_PHONE" type="STRING" size="256"/>
        <Column id="ADDR_MAIN" type="STRING" size="256"/>
        <Column id="ADDR_DETAIL" type="STRING" size="256"/>
        <Column id="ADDR_POST" type="STRING" size="256"/>
        <Column id="REG_DT" type="STRING" size="256"/>
        <Column id="ROLE" type="INT" size="256"/>
      </ColumnInfo>
    </Dataset>
    <Dataset id="gdsProInfo">
      <ColumnInfo>
        <Column id="PRO_CODE" type="STRING" size="256"/>
        <Column id="PRO_NAME" type="STRING" size="256"/>
        <Column id="PRO_KIND" type="STRING" size="256"/>
        <Column id="PRO_NAME_EN" type="STRING" size="256"/>
        <Column id="PRO_IMG" type="STRING" size="256"/>
        <Column id="SERVER_IMG" type="STRING" size="256"/>
        <Column id="SALE_PERCENT" type="STRING" size="256"/>
        <Column id="HOW_MUCH" type="STRING" size="256"/>
        <Column id="LIKE_NUMBER" type="STRING" size="256"/>
      </ColumnInfo>
    </Dataset>
    <Dataset id="gdsProDetailInfo">
      <ColumnInfo>
        <Column id="PRO_CODE" type="STRING" size="256"/>
        <Column id="DETAIL_INFO" type="STRING" size="256"/>
        <Column id="UPLOAD_DATE" type="STRING" size="256"/>
        <Column id="UPDATE_DATE" type="STRING" size="256"/>
      </ColumnInfo>
    </Dataset>
    <Dataset id="gdsProOption">
      <ColumnInfo>
        <Column id="PRO_CODE" type="STRING" size="256"/>
        <Column id="PRO_OPTION" type="STRING" size="256"/>
        <Column id="OPTION_NAME" type="STRING" size="256"/>
        <Column id="OPTION_NUMBER" type="STRING" size="256"/>
        <Column id="OPTION_ADD_PRICE" type="STRING" size="256"/>
      </ColumnInfo>
    </Dataset>
    <Dataset id="gdsUserCart">
      <ColumnInfo>
        <Column id="USER_ID" type="STRING" size="256"/>
        <Column id="PRO_CODE" type="STRING" size="256"/>
        <Column id="PRO_OPTION" type="STRING" size="256"/>
        <Column id="PRO_OP_NUMBER" type="STRING" size="256"/>
      </ColumnInfo>
    </Dataset>
    <Dataset id="gdsUserLike">
      <ColumnInfo>
        <Column id="USER_ID" type="STRING" size="256"/>
        <Column id="PRO_CODE" type="STRING" size="256"/>
      </ColumnInfo>
    </Dataset>
    <Dataset id="gdsProCategory">
      <ColumnInfo>
        <Column id="CATEGORY_ID" type="STRING" size="256"/>
        <Column id="CATEGORY_NAME" type="STRING" size="256"/>
        <Column id="LEVEL" type="STRING" size="256"/>
        <Column id="CATEGORY_SUM" type="STRING" size="256"/>
      </ColumnInfo>
    </Dataset>
    <Dataset id="gdsSellerMenu">
      <ColumnInfo>
        <Column id="MENU_ID" type="STRING" size="256"/>
        <Column id="MENU_NAME" type="STRING" size="256"/>
        <Column id="MENU_LEVEL" type="STRING" size="256"/>
        <Column id="FORM_URL" type="STRING" size="256"/>
      </ColumnInfo>
      <Rows>
        <Row>
          <Col id="MENU_ID">10</Col>
          <Col id="MENU_NAME">물품관리</Col>
          <Col id="MENU_LEVEL">0</Col>
        </Row>
        <Row>
          <Col id="MENU_ID">1010</Col>
          <Col id="MENU_NAME">새로운 물품 올리기</Col>
          <Col id="MENU_LEVEL">1</Col>
          <Col id="FORM_URL">sellerForm::newProduct.xfdl</Col>
        </Row>
        <Row>
          <Col id="MENU_ID">1020</Col>
          <Col id="MENU_NAME">물품관리하기</Col>
          <Col id="MENU_LEVEL">1</Col>
          <Col id="FORM_URL">sellerForm::productManage.xfdl</Col>
        </Row>
        <Row>
          <Col id="MENU_ID">20</Col>
          <Col id="MENU_NAME">판매관리</Col>
          <Col id="MENU_LEVEL">0</Col>
        </Row>
        <Row>
          <Col id="MENU_ID">2010</Col>
          <Col id="MENU_NAME">판매내역관리</Col>
          <Col id="MENU_LEVEL">1</Col>
          <Col id="FORM_URL">sellerForm::sellManage.xfdl</Col>
        </Row>
        <Row>
          <Col id="MENU_ID">2020</Col>
          <Col id="MENU_NAME">취소관리</Col>
          <Col id="MENU_LEVEL">1</Col>
          <Col id="FORM_URL">sellerForm::cancleManage.xfdl</Col>
        </Row>
        <Row>
          <Col id="MENU_ID">2030</Col>
          <Col id="MENU_NAME">교환관리</Col>
          <Col id="MENU_LEVEL">1</Col>
          <Col id="FORM_URL">sellerForm::changeManage.xfdl</Col>
        </Row>
        <Row>
          <Col id="MENU_ID">30</Col>
          <Col id="MENU_NAME">배송관리</Col>
          <Col id="MENU_LEVEL">0</Col>
          <Col id="FORM_URL"></Col>
        </Row>
        <Row>
          <Col id="MENU_ID">3010</Col>
          <Col id="MENU_NAME">배송현황관리</Col>
          <Col id="MENU_LEVEL">1</Col>
          <Col id="FORM_URL">sellerForm::deliveryManage.xfdl</Col>
        </Row>
        <Row>
          <Col id="MENU_ID">40</Col>
          <Col id="MENU_NAME">판매자</Col>
          <Col id="MENU_LEVEL">0</Col>
        </Row>
        <Row>
          <Col id="MENU_ID">4010</Col>
          <Col id="MENU_NAME">판매자페이지</Col>
          <Col id="MENU_LEVEL">1</Col>
          <Col id="FORM_URL">sellerForm::sellerInfo.xfdl</Col>
        </Row>
      </Rows>
    </Dataset>
  </Datasets>
  <Variables>
    <Variable id="gvVariable1" initval="App Variable Value1"/>
    <Variable id="gvLogIn"/>
  </Variables>
  <DataObjects/>
</AppVariables>
