﻿<?xml version="1.0" encoding="utf-8"?>
<TypeDefinition version="3.0">
  <Modules>
    <Module url="CompBase.json"/>
    <Module url="ComComp.json"/>
    <Module url="Grid.json"/>
    <Module url="ListView.json"/>
    <Module url="DeviceAPI.json"/>
    <Module url="ExtJs.json"/>
    <Module url="rMateChartH5.json"/>
    <Module url="UbiReport4.json"/>
    <Module url="extlib::Splitter.json"/>
    <Module url="extlib::ActionAsset.json"/>
    <Module url="Push.json"/>
    <Module url="History.json"/>
  </Modules>
  <Components>
    <Component type="JavaScript" id="Button" classname="nexacro.Button" prefixid="btn" defaultheight="26"/>
    <Component type="JavaScript" id="Combo" classname="nexacro.Combo" prefixid="cbo" defaultheight="26"/>
    <Component type="JavaScript" id="Edit" classname="nexacro.Edit" prefixid="edt" defaultheight="26"/>
    <Component type="JavaScript" id="MaskEdit" classname="nexacro.MaskEdit" prefixid="msk" defaultheight="26"/>
    <Component type="JavaScript" id="TextArea" classname="nexacro.TextArea" prefixid="txt" defaultheight="26"/>
    <Component type="JavaScript" id="Static" classname="nexacro.Static" prefixid="sta" defaultheight="26"/>
    <Component type="JavaScript" id="Div" classname="nexacro.Div" prefixid="div"/>
    <Component type="JavaScript" id="PopupDiv" classname="nexacro.PopupDiv" prefixid="pdiv"/>
    <Component type="JavaScript" id="Radio" classname="nexacro.Radio" prefixid="rdo" defaultheight="26"/>
    <Component type="JavaScript" id="CheckBox" classname="nexacro.CheckBox" prefixid="chk" defaultheight="26"/>
    <Component type="JavaScript" id="ListBox" classname="nexacro.ListBox" prefixid="lst"/>
    <Component type="JavaScript" id="Grid" classname="nexacro.Grid" prefixid="grd"/>
    <Component type="JavaScript" id="Spin" classname="nexacro.Spin" prefixid="spn" defaultheight="26"/>
    <Component type="JavaScript" id="Menu" classname="nexacro.Menu" prefixid="mnu"/>
    <Component type="JavaScript" id="PopupMenu" classname="nexacro.PopupMenu" prefixid="pmnu"/>
    <Component type="JavaScript" id="Tab" classname="nexacro.Tab" prefixid="tab"/>
    <Component type="JavaScript" id="GroupBox" classname="nexacro.GroupBox" prefixid="grb"/>
    <Component type="JavaScript" id="Calendar" classname="nexacro.Calendar" prefixid="cal" defaultheight="26"/>
    <Component type="JavaScript" id="ImageViewer" classname="nexacro.ImageViewer" prefixid="img"/>
    <Component type="JavaScript" id="ProgressBar" classname="nexacro.ProgressBar" prefixid="pgb" defaultheight="26"/>
    <Component type="JavaScript" id="Plugin" classname="nexacro.Plugin" prefixid="plg"/>
    <Component type="JavaScript" id="Dataset" classname="nexacro.NormalDataset" prefixid="ds"/>
    <Component type="JavaScript" id="ListView" classname="nexacro.ListView" prefixid="ltv"/>
    <Component type="JavaScript" id="DataObject" classname="nexacro.DataObject"/>
    <Component type="JavaScript" id="CheckBoxSet" classname="nexacro.CheckBoxSet" defaultheight="26" prefixid="chks"/>
    <Component type="JavaScript" id="MultiCombo" classname="nexacro.MultiCombo" defaultheight="26" prefixid="mcbo"/>
    <Component type="JavaScript" id="FileUpload" classname="nexacro.FileUpload" prefixid="FileUpload"/>
    <Component type="JavaScript" id="FileDownload" classname="nexacro.FileDownload" prefixid="FileDownload"/>
    <Component type="JavaScript" id="Sketch" classname="nexacro.Sketch" prefixid="skc" iconindex="18"/>
    <Component type="JavaScript" id="Camera" classname="nexacro.Camera"/>
    <Component type="JavaScript" id="WebBrowser" classname="nexacro.WebBrowser" prefixid="web"/>
    <Component type="JavaScript" id="FileDialog" classname="nexacro.FileDialog" prefixid="FileDialog"/>
    <Component id="Splitter" classname="nexacro.Splitter" iconindex="27" prefixid="spl" defaultwidth="0" defaultheight="0"/>
    <Component type="JavaScript" id="UbiReport" classname="nexacro.UbiViewer" prefixid="ubi"/>
    <Component type="JavaScript" id="ExcelExportObject" classname="nexacro.ExcelExportObject" prefixid="ExcelExportObject"/>
    <Component type="JavaScript" id="FileUpTransfer" classname="nexacro.FileUpTransfer"/>
    <Component type="JavaScript" id="FileDownTransfer" classname="nexacro.FileDownTransfer"/>
    <Component type="JavaScript" id="View" classname="nexacro.View"/>
    <Component type="JavaScript" id="TranAction" classname="nexacro.TranAction"/>
    <Component type="JavaScript" id="MessageAction" classname="nexacro.MessageAction"/>
    <Component type="JavaScript" id="PopupAction" classname="nexacro.PopupAction" defaultwidth="0"/>
    <Component type="JavaScript" id="XPush" classname="nexacro.XPush"/>
    <Component type="JavaScript" id="WebView" classname="nexacro.WebView"/>
  </Components>
  <Services>
    <Service prefixid="theme" type="resource" url="./_resource_/_theme_/" version="0" cachelevel="session" include_subdir="true"/>
    <Service prefixid="initvalue" type="resource" url="./_resource_/_initvalue_/" version="0" cachelevel="session" include_subdir="false"/>
    <Service prefixid="xcssrc" type="resource" url="./_resource_/_xcss_/" version="0" cachelevel="session" include_subdir="false"/>
    <Service prefixid="imagerc" type="resource" url="./_resource_/_images_/" version="0" cachelevel="session" include_subdir="true"/>
    <Service prefixid="font" type="resource" url="./_resource_/_font_/" version="0" cachelevel="session" include_subdir="false"/>
    <Service prefixid="extlib" type="resource" url="./_extlib_/" version="0" cachelevel="session" include_subdir="true"/>
    <Service prefixid="Frame" type="form" url="./Frame/" cachelevel="dynamic" version="0" communicationversion="0" include_subdir="false"/>
    <Service prefixid="SDIFrame" type="form" url="./SDIFrame/" version="0" cachelevel="session" include_subdir="false" communicationversion="0"/>
    <Service prefixid="Cmm" type="form" cachelevel="dynamic" url="./Cmm/" version="0" communicationversion="0" include_subdir="false"/>
    <Service prefixid="EduBasic" type="form" url="./EduBasic/" version="0" cachelevel="dynamic" include_subdir="true" communicationversion="0"/>
    <Service prefixid="Sample" type="form" cachelevel="dynamic" url="./Sample/" version="0" communicationversion="0" include_subdir="false"/>
    <Service prefixid="EduUrl" type="JSP" cachelevel="none" url="http://demo.nexacro.com/edu/edupack_jsp/" version="0" communicationversion="0" include_subdir="false"/>
    <Service prefixid="SvcUrl" type="JSP" cachelevel="none" url="http://localhost:8088/edupack_egov/" version="0" communicationversion="0" include_subdir="false"/>
    <Service prefixid="Lib" type="js" cachelevel="dynamic" url="./Lib/" version="0" communicationversion="0" include_subdir="false"/>
    <Service prefixid="ExtJs" type="js" cachelevel="dynamic" url="./nexacrolib/component/ExtJs/" version="0" communicationversion="0" include_subdir="false"/>
    <Service prefixid="Dll" type="file" url="./Dll/" version="0" communicationversion="0" cachelevel="none" include_subdir="true"/>
    <Service prefixid="Model" type="model" url="./Model/" version="0" cachelevel="dynamic" include_subdir="true" communicationversion="0"/>
    <Service prefixid="ModelSvc" type="model" url="http://demo.nexacro.com/edu/nexacroN/" version="0" cachelevel="none" include_subdir="true" communicationversion="0" service_list="EduModelService.jsp" data_schema="EduModelService.jsp"/>
    <Service prefixid="ModelTable" type="model" url="http://demo.nexacro.com/edu/nexacroN/" version="0" cachelevel="none" include_subdir="true" communicationversion="0" service_list="EduModelService_Table.jsp" data_schema="EduModelService_Table.jsp"/>
    <Service prefixid="ViewTemp" type="file" url="./ViewTemp/" version="0" cachelevel="dynamic" include_subdir="false" communicationversion="0"/>
    <Service prefixid="SvsBS" type="bs" version="0" cachelevel="none" include_subdir="false" communicationversion="0" url="http://demo.nexacro.com/edu/nexacroN/" service_list="EduServiceList.jsp" dataset_url="SvsBS.xds" data_schema="EduServiceDetail.jsp?"/>
    <Service prefixid="SvcMETA" type="metadata" version="0" cachelevel="none" include_subdir="false" communicationversion="0" url="http://demo.nexacro.com/edu/nexacroN/" service_list="EduMetaDataList.jsp" dataset_url="SvcMETA.xds" data_schema="EduMetaDataDetail.jsp?"/>
    <Service prefixid="XPushUrl" type="file" url="./XPushUrl/" version="0" cachelevel="session" include_subdir="false" communicationversion="0"/>
    <Service prefixid="SvcXpushURL" type="JSP" version="0" cachelevel="session" include_subdir="false" communicationversion="0" url="http://localhost:8080/jspSampleN/"/>
  </Services>
  <Protocols/>
  <Update>
    <Os name="Windows" url="./" timeout="30" retry="3" autoupdate="auto" updatetype="server">
      <Version name="common">
        <Resource type="Module" file="nexacrolib.zip" version="0" targetpath="" description=""/>
      </Version>
    </Os>
  </Update>
  <Deploy>
    <Os name="Windows"/>
  </Deploy>
  <DeviceAdaptors/>
</TypeDefinition>
