<?xml version="1.0" encoding="utf-8"?>
<license version="1.2">
	<product>
		<name>Nexacro N</name>
		<version>21</version>
		<function>Runtime,WebBrowser</function>
	</product>
	<customer>
		<name>TOBESOFT</name>
		<coreCount>0</coreCount>
		<ipAddress>0.0.0.0</ipAddress>
		<targetPlatform>Windows,WindowsRT,macOS,iOS,Android</targetPlatform>
	</customer>
	<date>
		<activation>2025-01-01</activation>
		<term unit="month">2</term>
	</date>
	<key>EN4GRW68M5NAKA5FASVVXK9REYR5GUHPF</key>
	<SignatureValue>RjjT7VmoD/7q01MC1GtKNLX/jZgXPFCt2xIgx//lk2dgOOZPhgkBSFKkU6Gd1sVO
lSDXTfpOZGSXhMqvc4gEFehkYpO9W5BwcJZTeLi/ycCq/EqyyL6Mplk1eJq1W6EU
DSibLD+RTn6G1AW2K+VG2c8KPGchLgCXMP9J2Gi6lJvAJMFSeK1XuzJjxuPumrOO
gENWWJQ2bxaS9hKlFzviDtRb8lVYPUS4T5RdcrZitr0feU2dvQbDxtjiG7IfSa32
SpAd45uYJw7vxkPk95yU/7+fDFpcb5l/OSeJKPoQrOhjCm8CYp+KmqlbH8HA34fK
kHcKlZKcnWfzCJebw6jRsQ==</SignatureValue>
</license>

