﻿{
  "name": "Push",
  "version": "21.0.0.1500",
  "description": "Nexacro N Unified Framework Library",
  "license": "",
  "scripts": [
    "Push.js"
  ],
  "scriptsfilter": [
    {
      "name": "XPushAPI_Web.js",
      "target": "WRE,iOS_NRE"
    },
    {
      "name": "XPushAPI_Runtime.js",
      "target": "NRE"
    }
  ],
    "objInfo" : [
      "Push/metainfo/XPush.info",
      "Push/metainfo/PushMessageObject.info",
      "Push/metainfo/XPushErrorEventInfo.info",
      "Push/metainfo/XPushEventInfo.info",
      "Push/metainfo/XPushKeepAliveEventInfo.info"
    ],
    "designscripts" : [
      "Push/Design/DesignXPush.js"
    ]
}

