-- --------------------------------------------------------
-- 호스트:                          127.0.0.1
-- 서버 버전:                        10.6.7-MariaDB - mariadb.org binary distribution
-- 서버 OS:                        Win64
-- HeidiSQL 버전:                  11.3.0.6295
-- --------------------------------------------------------

/*!40101 SET @OLD_CHARACTER_SET_CLIENT=@@CHARACTER_SET_CLIENT */;
/*!40101 SET NAMES utf8 */;
/*!50503 SET NAMES utf8mb4 */;
/*!40014 SET @OLD_FOREIGN_KEY_CHECKS=@@FOREIGN_KEY_CHECKS, FOREIGN_KEY_CHECKS=0 */;
/*!40101 SET @OLD_SQL_MODE=@@SQL_MODE, SQL_MODE='NO_AUTO_VALUE_ON_ZERO' */;
/*!40111 SET @OLD_SQL_NOTES=@@SQL_NOTES, SQL_NOTES=0 */;


-- edupackdb 데이터베이스 구조 내보내기
DROP DATABASE IF EXISTS `edupackdb`;
CREATE DATABASE IF NOT EXISTS `edupackdb` /*!40100 DEFAULT CHARACTER SET utf8mb3 */;
USE `edupackdb`;

-- 테이블 edupackdb.tbl_nx_code 구조 내보내기
DROP TABLE IF EXISTS `tbl_nx_code`;
CREATE TABLE IF NOT EXISTS `tbl_nx_code` (
  `mst_cd` varchar(50) NOT NULL,
  `mst_nm` varchar(50) DEFAULT NULL,
  `cd` varchar(50) NOT NULL,
  `nm` varchar(50) DEFAULT NULL
) ENGINE=InnoDB DEFAULT CHARSET=utf8mb3;

-- 테이블 데이터 edupackdb.tbl_nx_code:~35 rows (대략적) 내보내기
/*!40000 ALTER TABLE `tbl_nx_code` DISABLE KEYS */;
INSERT INTO `tbl_nx_code` (`mst_cd`, `mst_nm`, `cd`, `nm`) VALUES
	('A001', '직급', '01', '사장'),
	('A001', '직급', '02', '상무'),
	('A001', '직급', '03', '부장'),
	('A001', '직급', '04', '차장'),
	('A001', '직급', '05', '과장'),
	('A001', '직급', '06', '대리'),
	('A001', '직급', '07', '사원'),
	('B001', '재직상태', '1', '재직'),
	('B001', '재직상태', '2', '휴직'),
	('B001', '재직상태', '9', '퇴직'),
	('C001', '성별 코드', 'M', '남자'),
	('C001', '성별 코드', 'W', '여자'),
	('D001', '통화 코드', '001', '원'),
	('D001', '통화 코드', '002', '달러'),
	('D001', '통화 코드', '003', '엔'),
	('D001', '통화 코드', '004', '위안'),
	('E001', '사용구분 코드', 'N', '미사용'),
	('E001', '사용구분 코드', 'Y', '사용'),
	('F001', '취미코드', '01', '축구'),
	('F001', '취미코드', '02', '야구'),
	('F001', '취미코드', '03', '농구'),
	('F001', '취미코드', '04', '낚시'),
	('F001', '취미코드', '05', '배드맨턴'),
	('F001', '취미코드', '06', '테니스'),
	('F001', '취미코드', '07', '골프'),
	('F001', '취미코드', '08', '수영'),
	('F001', '취미코드', '09', '볼링'),
	('F001', '취미코드', '10', '바둑'),
	('F001', '취미코드', '11', '등산'),
	('F001', '취미코드', '12', '음악감상'),
	('F001', '취미코드', '13', '영화관람'),
	('F001', '취미코드', '14', '독서'),
	('F001', '취미코드', '15', '기타'),
	('F001', '취미코드', '14', '독서'),
	('F001', '취미코드', '15', '기타');
/*!40000 ALTER TABLE `tbl_nx_code` ENABLE KEYS */;

-- 테이블 edupackdb.tbl_nx_corp 구조 내보내기
DROP TABLE IF EXISTS `tbl_nx_corp`;
CREATE TABLE IF NOT EXISTS `tbl_nx_corp` (
  `corp_cd` varchar(50) DEFAULT NULL,
  `corp_nm` varchar(50) DEFAULT NULL,
  `ceo_nm` varchar(50) DEFAULT NULL,
  `corp_reg_no` varchar(50) DEFAULT NULL
) ENGINE=InnoDB DEFAULT CHARSET=utf8mb3 COMMENT='회사법인테이블';

-- 테이블 데이터 edupackdb.tbl_nx_corp:~3 rows (대략적) 내보내기
/*!40000 ALTER TABLE `tbl_nx_corp` DISABLE KEYS */;
INSERT INTO `tbl_nx_corp` (`corp_cd`, `corp_nm`, `ceo_nm`, `corp_reg_no`) VALUES
	('KR', 'Korea Corporation', NULL, NULL),
	('JP', 'Japan Corporation', NULL, NULL),
	('CN', 'China Corporation', NULL, NULL);
/*!40000 ALTER TABLE `tbl_nx_corp` ENABLE KEYS */;

-- 테이블 edupackdb.tbl_nx_dept 구조 내보내기
DROP TABLE IF EXISTS `tbl_nx_dept`;
CREATE TABLE IF NOT EXISTS `tbl_nx_dept` (
  `dept_cd` varchar(50) DEFAULT NULL COMMENT '부서코드',
  `dept_nm` varchar(50) DEFAULT NULL COMMENT '부서명',
  `corp_cd` varchar(50) DEFAULT NULL COMMENT '법인코드',
  `manager_emp_id` varchar(50) DEFAULT NULL COMMENT '관리자 사원아이디',
  `use_flag` varchar(50) DEFAULT NULL COMMENT '사용여부'
) ENGINE=InnoDB DEFAULT CHARSET=utf8mb3 COMMENT='부서테이블';

-- 테이블 데이터 edupackdb.tbl_nx_dept:~12 rows (대략적) 내보내기
/*!40000 ALTER TABLE `tbl_nx_dept` DISABLE KEYS */;
INSERT INTO `tbl_nx_dept` (`dept_cd`, `dept_nm`, `corp_cd`, `manager_emp_id`, `use_flag`) VALUES
	('KR10', 'Education Team(KR)', 'KR', NULL, 'Y'),
	('KR20', 'Marketing Team(KR)', 'KR', NULL, 'Y'),
	('KR30', 'Design Team(KR)', 'KR', NULL, 'Y'),
	('KR40', 'Support Team(KR)', 'KR', NULL, 'Y'),
	('KR50', 'Sales Team(KR)', 'KR', NULL, 'Y'),
	('JP10', 'Sales 1 Team(JP)', 'JP', NULL, 'Y'),
	('JP20', 'Sales 2 Team(JP)', 'JP', NULL, 'Y'),
	('JP30', 'Sales 3 Team(JP)', 'JP', NULL, 'Y'),
	('JP40', 'Support Team(JP)', 'JP', NULL, 'Y'),
	('CN10', 'Support Team(CN)', 'CN', NULL, 'Y'),
	('CN20', 'Developer Team(CN)', 'CN', NULL, 'Y'),
	('CN30', 'Sales Team(CN)', 'CN', NULL, 'Y');
/*!40000 ALTER TABLE `tbl_nx_dept` ENABLE KEYS */;

-- 테이블 edupackdb.tbl_nx_emp 구조 내보내기
DROP TABLE IF EXISTS `tbl_nx_emp`;
CREATE TABLE IF NOT EXISTS `tbl_nx_emp` (
  `emp_id` varchar(10) DEFAULT NULL COMMENT '사원아이디',
  `emp_nm` varchar(50) DEFAULT NULL COMMENT '성명',
  `corp_cd` varchar(10) DEFAULT NULL COMMENT '법인코드',
  `dept_cd` varchar(10) DEFAULT NULL COMMENT '부서코드',
  `position_cd` varchar(2) DEFAULT NULL COMMENT '직급코드',
  `status` varchar(2) DEFAULT NULL COMMENT '재직상태',
  `hire_date` date DEFAULT NULL COMMENT '입사일자',
  `retire_date` date DEFAULT NULL COMMENT '퇴사일자',
  `salary` int(11) DEFAULT NULL COMMENT '급여',
  `bonus` int(11) DEFAULT NULL COMMENT '보너스',
  `emp_image` varchar(50) DEFAULT NULL COMMENT '사원 이미지',
  `gender` varchar(1) DEFAULT NULL COMMENT '성별',
  `phone_no` varchar(20) DEFAULT NULL COMMENT '전화번호',
  `email` varchar(50) DEFAULT NULL COMMENT '이메일',
  `married` varchar(1) DEFAULT NULL COMMENT '결혼여부',
  `wedding_date` date DEFAULT NULL COMMENT '결혼기념일',
  `birthday` date DEFAULT NULL COMMENT '생년월일',
  `memo` text DEFAULT NULL COMMENT '비고사항'
) ENGINE=InnoDB DEFAULT CHARSET=utf8mb3 COMMENT='사원테이블';

-- 테이블 데이터 edupackdb.tbl_nx_emp:~100 rows (대략적) 내보내기
/*!40000 ALTER TABLE `tbl_nx_emp` DISABLE KEYS */;
INSERT INTO `tbl_nx_emp` (`emp_id`, `emp_nm`, `corp_cd`, `dept_cd`, `position_cd`, `status`, `hire_date`, `retire_date`, `salary`, `bonus`, `emp_image`, `gender`, `phone_no`, `email`, `married`, `wedding_date`, `birthday`, `memo`) VALUES
	('NX111', 'Melon', 'KR', 'KR10', '01', '1', '2004-01-28', NULL, 9000, 5000, 'imagerc::img_emp13.png', 'W', '08053397559', 'Melon@nexacro.com', '1', '1991-05-19', '1989-03-25', ''),
	('NX306', 'Elsa', 'KR', 'KR30', '03', '1', '2006-10-19', NULL, 7000, 2000, 'imagerc::img_emp10.png', 'M', '08074018299', 'Elsa@nexacro.com', '1', '2005-10-04', '1970-01-22', ''),
	('NX412', 'Bts', 'KR', 'KR30', '05', '1', '2015-07-21', NULL, 5000, NULL, 'imagerc::img_emp19.png', 'M', '08042935998', 'Bts@nexacro.com', '1', '1987-10-15', '1978-12-22', ''),
	('NX010', 'Ted', 'CN', 'CN20', '06', '1', '2012-04-02', NULL, 6000, 1200, 'imagerc::img_emp19.png', 'M', '08077267633', 'Ted@nexacro.com', '1', '1998-05-02', '1964-02-04', ''),
	('NX319', 'Diana', 'JP', 'JP10', '06', '1', '2001-12-17', NULL, 6500, 800, 'imagerc::img_emp11.png', 'M', '08073140117', 'Diana@nexacro.com', '0', NULL, '1972-05-13', ''),
	('NX502', 'Issac', 'CN', 'CN30', '07', '1', '2006-07-20', NULL, 7000, 900, 'imagerc::img_emp10.png', 'W', '08043164615', 'Issac@nexacro.com', '0', NULL, '1994-05-12', ''),
	('NX414', 'Henry', 'CN', 'CN30', '06', '1', '2002-05-13', NULL, 8000, 1000, 'imagerc::img_emp20.png', 'M', '08023207950', 'Henry@nexacro.com', '0', NULL, '1997-09-26', ''),
	('NX206', 'Kate ', 'KR', 'KR10', '05', '1', '2015-10-04', NULL, 8500, 4000, 'imagerc::img_emp14.png', 'M', '08063480860', 'Kate@nexacro.com', '0', NULL, '1986-11-19', ''),
	('NX317', 'Twice', 'KR', 'KR20', '04', '1', '2010-05-14', NULL, 7300, 3000, 'imagerc::img_emp18.png', 'M', '08012511073', 'Twice@nexacro.com', '0', NULL, '1979-03-18', ''),
	('NX304', 'Dennis', 'JP', 'JP30', '05', '1', '2014-08-11', NULL, 5600, 5000, 'imagerc::img_emp17.png', 'W', '08044574292', 'Dennis@nexacro.com', '1', '1988-05-05', '1960-04-27', ''),
	('NX310', 'Max?', 'CN', 'CN10', '05', '1', '2003-07-09', NULL, 3500, NULL, 'imagerc::img_emp11.png', 'W', '08098253169', 'Max@nexacro.com', '1', '1986-10-22', '1969-10-21', ''),
	('NX416', 'Jackson', 'KR', 'KR10', '06', '1', '2011-10-18', NULL, 6800, 3000, 'imagerc::img_emp11.png', 'M', '08031734027', 'Jackson@nexacro.com', '1', '1997-10-30', '1970-03-02', ''),
	('NX405', 'Adam', 'KR', 'KR10', '07', '1', '2015-06-01', NULL, 8600, 2000, 'imagerc::img_emp12.png', 'W', '08046437385', 'Adamr@nexacro.com', '0', NULL, '1989-06-18', ''),
	('NX209', 'Belle', 'KR', 'KR30', '04', '1', '2003-03-06', NULL, 7700, 5000, 'imagerc::img_emp14.png', 'W', '08029890941', 'Belle@nexacro.com', '1', '1991-05-19', '1976-02-27', ''),
	('NX407', 'Lexy', 'JP', 'JP30', '07', '1', '2006-12-19', NULL, 9000, 2000, 'imagerc::img_emp13.png', 'W', '08079565722', 'Lexy@nexacro.com', '1', '2005-02-03', '1978-08-08', ''),
	('NX504', 'Lucy', 'JP', 'JP10', '05', '1', '2006-06-13', NULL, 8000, 3000, 'imagerc::img_emp14.png', 'W', '08079034769', 'Lucy@nexacro.com', '1', '2013-04-16', '1977-09-24', ''),
	('NX406', 'Kein ', 'KR', 'KR20', '07', '1', '2014-06-25', NULL, 9000, NULL, 'imagerc::img_emp15.png', 'M', '08089385286', 'Kein@nexacro.com', '1', '2005-04-07', '1980-02-06', ''),
	('NX207', 'Juliana', 'JP', 'JP20', '05', '1', '2004-11-05', NULL, 7000, 800, 'imagerc::img_emp15.png', 'M', '08082344353', 'Juliana@nexacro.com', '0', NULL, '1961-03-12', ''),
	('NX320', 'Kara', 'KR', 'KR20', '05', '1', '2007-01-11', NULL, 5000, 900, 'imagerc::img_emp17.png', 'M', '08068515302', 'Kara@nexacro.com', '1', '1988-06-23', '1964-12-12', ''),
	('NX417', 'Andrew ', 'KR', 'KR30', '06', '1', '2014-02-27', NULL, 6000, 1000, 'imagerc::img_emp20.png', 'W', '08082304824', 'Andrew@nexacro.com', '0', NULL, '1975-11-09', ''),
	('NX050', 'Maria', 'JP', 'JP40', '05', '1', '2013-12-26', NULL, 6500, 4000, 'imagerc::img_emp12.png', 'M', '08050532250', 'Maria@nexacro.com', '0', NULL, '1981-05-31', ''),
	('NX315', 'Eddy', 'JP', 'JP10', '07', '1', '2002-10-31', NULL, 7000, NULL, 'imagerc::img_emp10.png', 'W', '08072183514', 'Eddy@nexacro.com', '0', NULL, '1973-10-19', ''),
	('NX101', 'Sarah', 'JP', 'JP20', '05', '1', '2004-08-21', NULL, 8000, 5000, 'imagerc::img_emp16.png', 'M', '08057841374', 'Sarah@nexacro.com', '0', NULL, '1982-11-30', ''),
	('NX218', 'Ivy', 'KR', 'KR20', '07', '1', '2004-03-27', NULL, 8500, 3000, 'imagerc::img_emp16.png', 'M', '08076424746', 'Ivy@nexacro.com', '1', '1989-05-05', '1979-09-05', ''),
	('NX109', 'Noel?', 'CN', 'CN10', '05', '1', '2011-03-16', NULL, 7300, 400, 'imagerc::img_emp12.png', 'W', '08047945239', 'Noel@nexacro.com', '1', '2014-07-20', '1997-07-17', ''),
	('NX105', 'Arnold', 'CN', 'CN30', '04', '1', '2002-01-15', NULL, 5600, 3000, 'imagerc::img_emp10.png', 'M', '08022551312', 'Arnold@nexacro.com', '1', '2015-05-31', '1992-05-31', ''),
	('NX402', 'Alex?', 'CN', 'CN20', '06', '1', '2004-04-22', NULL, 3500, NULL, 'imagerc::img_emp14.png', 'M', '08066389823', 'Alex@nexacro.com', '0', NULL, '1973-07-18', ''),
	('NX106', 'John ', 'KR', 'KR10', '03', '1', '2014-03-02', NULL, 6000, 800, 'imagerc::img_emp10.png', 'M', '08098632488', 'John@nexacro.com', '1', '2009-03-05', '1973-06-21', ''),
	('NX115', 'Steven?', 'CN', 'CN10', '06', '1', '2005-12-03', NULL, 8000, 900, 'imagerc::img_emp14.png', 'W', '08037863481', 'Steven@nexacro.com', '1', '1997-11-16', '1966-10-21', ''),
	('NX409', 'Donald?', 'JP', 'JP30', '07', '1', '2013-08-22', NULL, 5000, 1000, 'imagerc::img_emp18.png', 'W', '08082080802', 'Donald@nexacro.com', '0', NULL, '1984-08-14', ''),
	('NX104', 'Ray?', 'CN', 'CN30', '06', '1', '2013-06-25', NULL, 9000, 3000, 'imagerc::img_emp13.png', 'M', '08013302593', 'Ray@nexacro.com', '0', NULL, '1993-04-02', ''),
	('NX210', 'Elijah', 'KR', 'KR50', '07', '1', '2012-01-02', NULL, 5000, NULL, 'imagerc::img_emp19.png', 'M', '08022023301', 'Elijah@nexacro.com', '0', NULL, '1996-10-16', ''),
	('NX216', 'Evan', 'KR', 'KR10', '07', '1', '2011-04-19', NULL, 7300, 3000, 'imagerc::img_emp19.png', 'M', '08014419779', 'Evan@nexacro.com', '1', '1999-03-15', '1964-07-06', ''),
	('NX415', 'Jackson', 'KR', 'KR30', '04', '1', '2001-07-31', NULL, 9000, NULL, 'imagerc::img_emp11.png', 'M', '08020333473', 'Jackson@nexacro.com', '0', NULL, '1966-01-05', ''),
	('NX102', 'Justine', 'JP', 'JP10', '07', '1', '2016-08-12', NULL, 8000, NULL, 'imagerc::img_emp10.png', 'M', '08037486471', 'Justine@nexacro.com', '1', '1986-05-12', '1987-01-11', ''),
	('NX201', 'Samuel', 'JP', 'JP30', '05', '1', '2014-10-30', NULL, 7000, 800, 'imagerc::img_emp20.png', 'W', '08044870616', 'Samuel@nexacro.com', '0', NULL, '1979-05-04', ''),
	('NX118', 'Angela', 'KR', 'KR40', '04', '1', '2004-10-04', NULL, 5000, 900, 'imagerc::img_emp14.png', 'M', '08062998104', 'Angela@nexacro.com', '0', NULL, '1989-04-11', ''),
	('NX202', 'Byron', 'JP', 'JP30', '05', '1', '2004-02-12', NULL, 9000, 2000, 'imagerc::img_emp18.png', 'M', '08022660382', 'Byron@nexacro.com', '1', '1988-08-08', '1967-09-28', ''),
	('NX117', 'Yetta', 'KR', 'KR20', '05', '1', '2012-06-20', NULL, 9000, 5000, 'imagerc::img_emp17.png', 'W', '08013103622', 'Yetta@nexacro.com', '0', NULL, '1997-03-15', ''),
	('NX020', 'Beau', 'KR', 'KR30', '07', '9', '2016-06-11', NULL, 8000, 5000, 'imagerc::img_emp11.png', 'W', '08062093201', 'Beau@nexacro.com', '0', NULL, '1968-02-13', ''),
	('NX124', 'Deirdre', 'KR', 'KR10', '04', '1', '2003-06-25', NULL, 5000, 3000, 'imagerc::img_emp11.png', 'M', '08071893031', 'Deirdre@nexacro.com', '0', NULL, '1995-02-06', ''),
	('NX510', 'Rae', 'KR', 'KR20', '07', '1', '2006-09-02', NULL, 7300, NULL, 'imagerc::img_emp12.png', 'W', '08068330089', 'Rae@nexacro.com', '1', '2010-07-02', '1972-11-09', ''),
	('NX313', 'Len', 'JP', 'JP40', '06', '9', '2011-12-08', NULL, 9000, 5000, 'imagerc::img_emp20.png', 'M', '08071256092', 'Len@nexacro.com', '0', NULL, '1961-07-04', ''),
	('NX308', 'Kelsie', 'CN', 'CN10', '04', '1', '2014-04-18', NULL, 8000, 5000, 'imagerc::img_emp12.png', 'M', '08084141410', 'Kelsie@nexacro.com', '0', NULL, '1992-10-22', ''),
	('NX302', 'Joseph', 'KR', 'KR40', '07', '9', '2013-07-28', NULL, 7000, 800, 'imagerc::img_emp10.png', 'W', '08086996586', 'Joseph@nexacro.com', '1', '2002-04-30', '1973-04-12', ''),
	('NX404', 'Ishmael', 'KR', 'KR10', '07', '1', '2006-07-10', NULL, 5000, 900, 'imagerc::img_emp16.png', 'W', '08040262928', 'Ishmael@nexacro.com', '0', NULL, '1986-08-09', ''),
	('NX116', 'Denton', 'KR', 'KR40', '04', '1', '2008-06-23', NULL, 9000, 2000, 'imagerc::img_emp16.png', 'M', '08095908544', 'Denton@nexacro.com', '1', '2007-03-04', '1994-09-06', ''),
	('NX112', 'Scarlett', 'JP', 'JP10', '05', '9', '2005-12-07', NULL, 7700, 5000, 'imagerc::img_emp12.png', 'M', '08018415288', 'Scarlett@nexacro.com', '1', '1991-03-30', '1990-02-15', ''),
	('NX107', 'Carly', 'JP', 'JP10', '03', '1', '2008-07-25', NULL, 9000, NULL, 'imagerc::img_emp10.png', 'W', '08069835866', 'Carly@nexacro.com', '1', '1995-03-02', '1962-10-23', ''),
	('NX120', 'Veda', 'KR', 'KR50', '06', '1', '2012-08-03', NULL, 9000, 1200, 'imagerc::img_emp14.png', 'M', '08080731587', 'Veda@nexacro.com', '0', NULL, '1998-01-13', ''),
	('NX123', 'Maia', 'KR', 'KR30', '04', '2', '2005-03-29', NULL, 3500, 1200, 'imagerc::img_emp10.png', 'W', '08079624593', 'Maia@nexacro.com', '1', '1996-10-24', '1966-04-13', ''),
	('NX309', 'Nora', 'CN', 'CN20', '05', '9', '2007-02-16', NULL, 8000, 1000, 'imagerc::img_emp14.png', 'W', '08043121680', 'Nora@nexacro.com', '1', '2004-01-19', '1991-07-23', ''),
	('NX114', 'Kaden', 'JP', 'JP10', '05', '1', '2012-05-10', NULL, 9000, 3000, 'imagerc::img_emp18.png', 'M', '08078791858', 'Kaden@nexacro.com', '1', '2012-02-13', '1963-10-15', ''),
	('NX215', 'Hayley', 'CN', 'CN10', '05', '1', '2005-02-21', NULL, 8500, 4000, 'imagerc::img_emp13.png', 'W', '08016286537', 'Hayley@nexacro.com', '1', '1994-09-12', '1981-03-01', ''),
	('NX203', 'Teegan', 'CN', 'CN20', '04', '1', '2005-01-01', NULL, 5600, 5000, 'imagerc::img_emp19.png', 'W', '08033393572', 'Teegan@nexacro.com', '0', NULL, '1967-05-31', ''),
	('NX307', 'Aurelia', 'KR', 'KR10', '06', '9', '2002-09-10', NULL, 3500, 1200, 'imagerc::img_emp19.png', 'M', '08030567543', 'Aurelia@nexacro.com', '0', NULL, '1968-12-26', ''),
	('NX214', 'Kato', 'KR', 'KR50', '07', '1', '2004-10-21', NULL, 9000, 1200, 'imagerc::img_emp11.png', 'W', '08023943275', 'Kato@nexacro.com', '1', '1994-04-22', '1969-08-02', ''),
	('NX204', 'Adrian', 'JP', 'JP20', '04', '1', '2017-02-04', NULL, 9000, 3000, 'imagerc::img_emp10.png', 'W', '08053191526', 'Adrian@nexacro.com', '0', NULL, '1984-11-04', ''),
	('NX301', 'Jason', 'CN', 'CN10', '05', '1', '2015-04-16', NULL, 3500, 1200, 'imagerc::img_emp20.png', 'W', '08067705311', 'Jason@nexacro.com', '0', NULL, '1963-12-04', ''),
	('NX305', 'Hanna', 'KR', 'KR10', '04', '1', '2008-03-03', NULL, 5000, 3000, 'imagerc::img_emp14.png', 'W', '08051822622', 'Hanna@nexacro.com', '1', '1986-09-07', '1972-05-12', ''),
	('NX213', 'Iris', 'KR', 'KR40', '05', '1', '2010-01-20', NULL, 7300, 3000, 'imagerc::img_emp18.png', 'M', '08030992947', 'Iris@nexacro.com', '1', '1998-07-17', '1995-06-14', ''),
	('NX501', 'Autumn', 'KR', 'KR30', '07', '1', '2008-02-29', NULL, 9000, 5000, 'imagerc::img_emp12.png', 'M', '08095993131', 'Autumn@nexacro.com', '1', '1988-01-31', '1971-08-05', ''),
	('NX212', 'Ulric', 'JP', 'JP10', '07', '1', '2014-09-04', NULL, 8000, 5000, 'imagerc::img_emp10.png', 'M', '08084337465', 'Ulric@nexacro.com', '0', NULL, '1976-08-21', ''),
	('NX122', 'Nevada', 'JP', 'JP10', '04', '1', '2005-11-08', NULL, 7000, NULL, 'imagerc::img_emp14.png', 'W', '08071898176', 'Nevada@nexacro.com', '1', '2014-08-13', '1963-11-11', ''),
	('NX121', 'Grant', 'KR', 'KR20', '06', '1', '2001-12-13', NULL, 9000, 3000, 'imagerc::img_emp10.png', 'M', '08086917526', 'Grant@nexacro.com', '1', '2001-02-12', '1991-12-22', ''),
	('NX110', 'Mercedes', 'JP', 'JP40', '05', '1', '2001-07-30', NULL, 8500, 4000, 'imagerc::img_emp14.png', 'M', '08012982478', 'Mercedes@nexacro.com', '1', '1993-01-01', '1964-08-27', ''),
	('NX403', 'Calista', 'KR', 'KR20', '06', '1', '2004-08-03', NULL, 5600, 5000, 'imagerc::img_emp18.png', 'M', '08067669165', 'Calista@nexacro.com', '1', '2010-03-26', '1986-10-05', ''),
	('NX413', 'Veronica', 'KR', 'KR50', '06', '9', '2013-08-13', NULL, 9000, 3000, 'imagerc::img_emp13.png', 'M', '08030158120', 'Veronica@nexacro.com', '1', '2008-08-18', '1964-07-11', ''),
	('NX220', 'Anne', 'JP', 'JP10', '06', '1', '2015-08-09', NULL, 7300, 400, 'imagerc::img_emp19.png', 'M', '08070015599', 'Anne@nexacro.com', '0', NULL, '1970-06-25', ''),
	('NX318', 'Maris', 'JP', 'JP30', '03', '1', '2007-09-07', NULL, 7000, NULL, 'imagerc::img_emp19.png', 'W', '08091763188', 'Maris@nexacro.com', '1', '2001-12-21', '1987-04-29', ''),
	('NX113', 'Aladdin', 'JP', 'JP20', '05', '1', '2006-05-01', NULL, 8000, 900, 'imagerc::img_emp19.png', 'W', '08020560711', 'Aladdin@nexacro.com', '1', '1993-11-02', '1970-03-26', ''),
	('NX314', 'Cade', 'KR', 'KR40', '04', '1', '2004-05-27', NULL, 7700, 5000, 'imagerc::img_emp11.png', 'W', '08074037853', 'Cade@nexacro.com', '1', '2007-02-11', '1970-12-19', ''),
	('NX312', 'Phyllis', 'CN', 'CN30', '07', '1', '2008-12-02', NULL, 9000, 1200, 'imagerc::img_emp10.png', 'W', '08068908027', 'Phyllis@nexacro.com', '0', NULL, '1988-08-04', ''),
	('NX030', 'Ray', 'CN', 'CN20', '04', '1', '2013-12-07', NULL, 9000, 1200, 'imagerc::img_emp20.png', 'M', '08033587012', 'Ray@nexacro.com', '0', NULL, '1967-03-20', ''),
	('NX000', 'Chester', 'CN', 'CN20', '05', '1', '2012-05-14', NULL, 3500, 1200, 'imagerc::img_emp14.png', 'M', '08089087823', 'Chester@nexacro.com', '0', NULL, '1967-12-05', ''),
	('NX506', 'MacKensie', 'KR', 'KR10', '04', '1', '2015-01-28', NULL, 8000, 1000, 'imagerc::img_emp18.png', 'M', '08023282896', 'MacKensie@nexacro.com', '1', '1987-06-16', '1995-10-26', ''),
	('NX507', 'Hayley', 'CN', 'CN30', '06', '1', '2007-07-18', NULL, 7000, NULL, 'imagerc::img_emp17.png', 'M', '08066643601', 'Hayley@nexacro.com', '1', '2010-11-22', '1965-04-19', ''),
	('NX408', 'Azalia', 'JP', 'JP20', '05', '1', '2002-07-20', NULL, 6800, 3000, 'imagerc::img_emp11.png', 'M', '08011658362', 'Azalia@nexacro.com', '1', '1984-06-03', '1981-09-26', ''),
	('NX040', 'Bryar', 'CN', 'CN30', '07', '1', '2016-08-27', NULL, 6000, 1200, 'imagerc::img_emp11.png', 'M', '08080855977', 'Bryar@nexacro.com', '0', NULL, '1974-09-14', ''),
	('NX119', 'Blake', 'KR', 'KR50', '07', '1', '2005-07-20', NULL, 6500, NULL, 'imagerc::img_emp10.png', 'W', '08069835830', 'Blake@nexacro.com', '0', NULL, '1984-09-07', ''),
	('NX211', 'Pearl', 'JP', 'JP40', '04', '1', '2003-04-10', NULL, 6500, 800, 'imagerc::img_emp14.png', 'M', '08047555975', 'Pearl@nexacro.com', '0', NULL, '1977-05-02', ''),
	('NX401', 'Dante', 'JP', 'JP10', '07', '2', '2010-04-15', NULL, 6000, 1200, 'imagerc::img_emp18.png', 'M', '08031674126', 'Dante@nexacro.com', '1', '2011-02-20', '1986-04-23', ''),
	('NX411', 'Willow', 'JP', 'JP20', '04', '1', '2010-05-22', NULL, 7000, 3000, 'imagerc::img_emp13.png', 'W', '08037029926', 'Willow@nexacro.com', '0', NULL, '1988-08-10', ''),
	('NX205', 'Rosalyn', 'KR', 'KR20', '06', '1', '2007-10-14', NULL, 3000, NULL, 'imagerc::img_emp19.png', 'M', '08072145959', 'Rosalyn@nexacro.com', '1', '1984-11-05', '1980-09-05', ''),
	('NX217', 'Aileen', 'CN', 'CN10', '05', '2', '2006-06-03', NULL, 6000, 800, 'imagerc::img_emp19.png', 'W', '08062037260', 'Aileen@nexacro.com', '1', '1999-02-05', '1980-10-17', ''),
	('NX503', 'Madaline', 'CN', 'CN30', '07', '1', '2010-11-12', NULL, 7300, 3000, 'imagerc::img_emp19.png', 'W', '08059590942', 'Madaline@nexacro.com', '1', '2005-03-01', '1967-08-04', ''),
	('NX103', 'Amena', 'CN', 'CN20', '04', '1', '2005-11-23', NULL, 9000, 5000, 'imagerc::img_emp20.png', 'M', '08096706210', 'Amena@nexacro.com', '0', NULL, '1994-09-20', ''),
	('NX512', 'Dillon', 'KR', 'KR10', '03', '2', '2011-07-06', NULL, 8000, 5000, 'imagerc::img_emp12.png', 'M', '08050245097', 'Dillon@nexacro.com', '0', NULL, '1992-04-24', ''),
	('NX108', 'Avram', 'CN', 'CN10', '05', '1', '2011-02-28', NULL, 3500, 1200, 'imagerc::img_emp10.png', 'W', '08071006381', 'Avram@nexacro.com', '1', '2000-02-11', '1971-07-14', ''),
	('NX508', 'Cairo', 'JP', 'JP20', '07', '1', '2010-02-20', NULL, 9000, 1200, 'imagerc::img_emp16.png', 'W', '08089970156', 'Cairo@nexacro.com', '1', '1996-11-28', '1987-12-17', ''),
	('NX303', 'Caleb', 'CN', 'CN30', '05', '1', '2004-04-20', NULL, 7300, 400, 'imagerc::img_emp16.png', 'W', '08025816934', 'Caleb@nexacro.com', '0', NULL, '1979-04-29', ''),
	('NX509', 'Lance', 'CN', 'CN10', '05', '1', '2014-03-11', NULL, 7000, 2000, 'imagerc::img_emp10.png', 'M', '08020737498', 'Lance@nexacro.com', '0', NULL, '1991-09-10', ''),
	('NX511', 'Allegra', 'CN', 'CN20', '07', '1', '2003-03-14', NULL, 8000, 900, 'imagerc::img_emp20.png', 'M', '08073154889', 'Allegra@nexacro.com', '1', '1991-12-23', '1997-11-20', ''),
	('NX311', 'Selma', 'KR', 'KR40', '04', '1', '2016-12-08', NULL, 9000, 3000, 'imagerc::img_emp14.png', 'M', '08030031452', 'Selma@nexacro.com', '1', '1996-06-29', '1961-01-31', ''),
	('NX219', 'Blythe', 'KR', 'KR50', '05', '1', '2004-04-17', NULL, 8500, 4000, 'imagerc::img_emp18.png', 'W', '08025120238', 'Blythe@nexacro.com', '0', NULL, '1987-09-30', ''),
	('NX316', 'Zephania', 'JP', 'JP40', '07', '1', '2006-10-16', NULL, 6800, 3000, 'imagerc::img_emp10.png', 'W', '08097853719', 'Zephania@nexacro.com', '1', '2010-05-19', '1982-03-02', ''),
	('NX410', 'Oleg', 'CN', 'CN10', '07', '1', '2010-03-23', NULL, 7000, 900, 'imagerc::img_emp14.png', 'W', '08055736407', 'Oleg@nexacro.com', '1', '2010-07-25', '1991-09-23', ''),
	('NX208', 'Oprah', 'KR', 'KR10', '05', '1', '2006-08-19', NULL, 6800, 3000, 'imagerc::img_emp10.png', 'W', '08042090867', 'Oprah@nexacro.com', '1', '2014-05-23', '1977-02-11', ''),
	('NX125', 'Sylvia', 'KR', 'KR10', '04', '9', '2007-09-08', NULL, 5600, 3000, 'imagerc::img_emp14.png', 'W', '08077065035', 'Sylvia@nexacro.com', '0', NULL, '1996-07-18', ''),
	('NX505', 'Thane', 'KR', 'KR40', '05', '1', '2001-10-19', NULL, 6800, 3000, 'imagerc::img_emp18.png', 'M', '08049269634', 'Thane@nexacro.com', '0', NULL, '1988-12-02', '');
/*!40000 ALTER TABLE `tbl_nx_emp` ENABLE KEYS */;

-- 테이블 edupackdb.tb_comcode 구조 내보내기
DROP TABLE IF EXISTS `tb_comcode`;
CREATE TABLE IF NOT EXISTS `tb_comcode` (
  `GROUP_CODE` varchar(50) NOT NULL,
  `GROUP_NAME` varchar(50) DEFAULT NULL,
  `CODE` varchar(50) NOT NULL,
  `CODE_NAME` varchar(50) DEFAULT NULL
) ENGINE=InnoDB DEFAULT CHARSET=utf8mb3;

-- 테이블 데이터 edupackdb.tb_comcode:~49 rows (대략적) 내보내기
/*!40000 ALTER TABLE `tb_comcode` DISABLE KEYS */;
INSERT INTO `tb_comcode` (`GROUP_CODE`, `GROUP_NAME`, `CODE`, `CODE_NAME`) VALUES
	('A001', '직급', '01', 'Chairman'),
	('A001', '직급', '02', 'President'),
	('A001', '직급', '03', 'Division Manager'),
	('A001', '직급', '04', 'Department Manager'),
	('A001', '직급', '05', 'Assistant Manager'),
	('A001', '직급', '06', 'Supervisor'),
	('A001', '직급', '07', 'Officer'),
	('B001', '지역 코드', '01', '서울'),
	('B001', '지역 코드', '02', '부산'),
	('B001', '지역 코드', '03', '인천'),
	('B001', '지역 코드', '04', '대구'),
	('B001', '지역 코드', '05', '대전'),
	('B001', '지역 코드', '06', '광주'),
	('B001', '지역 코드', '07', '울산'),
	('B001', '지역 코드', '08', '세종'),
	('B001', '지역 코드', '09', '경기'),
	('B001', '지역 코드', '10', '강원'),
	('B001', '지역 코드', '11', '충북'),
	('B001', '지역 코드', '12', '충남'),
	('B001', '지역 코드', '13', '전북'),
	('B001', '지역 코드', '14', '전남'),
	('B001', '지역 코드', '15', '경북'),
	('B001', '지역 코드', '16', '경남'),
	('B001', '지역 코드', '17', '제주'),
	('C001', '성별 코드', 'M', '남자'),
	('C001', '성별 코드', 'W', '여자'),
	('D001', '통화 코드', '001', '원'),
	('D001', '통화 코드', '002', '달러'),
	('D001', '통화 코드', '003', '엔'),
	('D001', '통화 코드', '004', '위안'),
	('E001', '사용구분 코드', 'N', '미사용'),
	('E001', '사용구분 코드', 'Y', '사용'),
	('F001', '취미코드', '01', '축구'),
	('F001', '취미코드', '02', '야구'),
	('F001', '취미코드', '03', '농구'),
	('F001', '취미코드', '04', '낚시'),
	('F001', '취미코드', '05', '배드맨턴'),
	('F001', '취미코드', '06', '테니스'),
	('F001', '취미코드', '07', '골프'),
	('F001', '취미코드', '08', '수영'),
	('F001', '취미코드', '09', '볼링'),
	('F001', '취미코드', '10', '바둑'),
	('F001', '취미코드', '11', '등산'),
	('F001', '취미코드', '12', '음악감상'),
	('F001', '취미코드', '13', '영화관람'),
	('F001', '취미코드', '14', '독서'),
	('F001', '취미코드', '15', '기타'),
	('F001', '취미코드', '14', '독서'),
	('F001', '취미코드', '15', '기타');
/*!40000 ALTER TABLE `tb_comcode` ENABLE KEYS */;

-- 테이블 edupackdb.tb_dept 구조 내보내기
DROP TABLE IF EXISTS `tb_dept`;
CREATE TABLE IF NOT EXISTS `tb_dept` (
  `DEPT_CD` varchar(20) NOT NULL,
  `DEPT_NAME` varchar(50) NOT NULL
) ENGINE=InnoDB DEFAULT CHARSET=utf8mb3;

-- 테이블 데이터 edupackdb.tb_dept:~5 rows (대략적) 내보내기
/*!40000 ALTER TABLE `tb_dept` DISABLE KEYS */;
INSERT INTO `tb_dept` (`DEPT_CD`, `DEPT_NAME`) VALUES
	('01', 'Accounting Team'),
	('02', 'HR Team'),
	('03', 'Sales Team'),
	('04', 'Design Team'),
	('05', 'Education Team');
/*!40000 ALTER TABLE `tb_dept` ENABLE KEYS */;

-- 테이블 edupackdb.tb_emp 구조 내보내기
DROP TABLE IF EXISTS `tb_emp`;
CREATE TABLE IF NOT EXISTS `tb_emp` (
  `EMPL_ID` varchar(20) DEFAULT NULL,
  `FULL_NAME` varchar(50) DEFAULT NULL,
  `DEPT_CD` varchar(20) DEFAULT NULL,
  `POS_CD` varchar(20) DEFAULT NULL,
  `HIRE_DATE` varchar(20) DEFAULT NULL,
  `SALARY` int(11) DEFAULT NULL,
  `MARRIED` varchar(20) DEFAULT NULL,
  `GENDER` varchar(20) DEFAULT NULL,
  `MEMO` varchar(200) DEFAULT NULL
) ENGINE=InnoDB DEFAULT CHARSET=utf8mb3;

-- 테이블 데이터 edupackdb.tb_emp:~10 rows (대략적) 내보내기
/*!40000 ALTER TABLE `tb_emp` DISABLE KEYS */;
INSERT INTO `tb_emp` (`EMPL_ID`, `FULL_NAME`, `DEPT_CD`, `POS_CD`, `HIRE_DATE`, `SALARY`, `MARRIED`, `GENDER`, `MEMO`) VALUES
	('AA001', 'Olivia', '01', '03', '20101003', 83000, '1', 'W', 'ivory'),
	('AA002', 'John', '02', '02', '20111102', 72000, '0', 'M', 'greenyellow'),
	('AA003', 'Jackson', '03', '04', '20090213', 53000, '1', 'M', 'lightpink'),
	('BB001', 'Maia', '04', '04', '20111203', 56000, '1', 'W', 'aliceblue'),
	('BB002', 'Adam', '01', '01', '20141013', 47000, '0', 'M', 'orange'),
	('BB003', 'Ray', '02', '02', '20150910', 68000, '0', 'W', 'pink'),
	('CC001', 'Kim', '03', '03', '20170801', 62000, '1', 'W', 'aqua'),
	('CC002', 'Lee', '04', '03', '20120625', 82000, '0', 'M', 'yellow'),
	('DD001', 'Park', '02', '02', '20130628', 59000, '1', 'M', 'skyblue'),
	('DD002', 'Chun', '03', '04', '20130502', 92000, '0', 'W', 'ivory');
/*!40000 ALTER TABLE `tb_emp` ENABLE KEYS */;

-- 테이블 edupackdb.tb_large 구조 내보내기
DROP TABLE IF EXISTS `tb_large`;
CREATE TABLE IF NOT EXISTS `tb_large` (
  `LARGE_ID` int(11) DEFAULT NULL,
  `NAME` varchar(100) DEFAULT NULL
) ENGINE=InnoDB DEFAULT CHARSET=utf8mb3;

-- 테이블 데이터 edupackdb.tb_large:~0 rows (대략적) 내보내기
/*!40000 ALTER TABLE `tb_large` DISABLE KEYS */;
/*!40000 ALTER TABLE `tb_large` ENABLE KEYS */;

-- 테이블 edupackdb.tb_pos 구조 내보내기
DROP TABLE IF EXISTS `tb_pos`;
CREATE TABLE IF NOT EXISTS `tb_pos` (
  `POS_CD` varchar(20) NOT NULL,
  `POS_NAME` varchar(50) NOT NULL
) ENGINE=InnoDB DEFAULT CHARSET=utf8mb3;

-- 테이블 데이터 edupackdb.tb_pos:~4 rows (대략적) 내보내기
/*!40000 ALTER TABLE `tb_pos` DISABLE KEYS */;
INSERT INTO `tb_pos` (`POS_CD`, `POS_NAME`) VALUES
	('01', 'Chairman'),
	('02', 'Division Manager'),
	('03', 'Assistant Manager'),
	('04', 'Officer');
/*!40000 ALTER TABLE `tb_pos` ENABLE KEYS */;

-- 테이블 edupackdb.tb_sample 구조 내보내기
DROP TABLE IF EXISTS `tb_sample`;
CREATE TABLE IF NOT EXISTS `tb_sample` (
  `ID` varchar(16) NOT NULL,
  `NAME` varchar(50) DEFAULT NULL,
  `DESCRIPTION` varchar(100) DEFAULT NULL,
  `USE_YN` char(1) DEFAULT NULL,
  `REG_USER` varchar(10) DEFAULT NULL,
  PRIMARY KEY (`ID`)
) ENGINE=InnoDB DEFAULT CHARSET=utf8mb3;

-- 테이블 데이터 edupackdb.tb_sample:~392 rows (대략적) 내보내기
/*!40000 ALTER TABLE `tb_sample` DISABLE KEYS */;
INSERT INTO `tb_sample` (`ID`, `NAME`, `DESCRIPTION`, `USE_YN`, `REG_USER`) VALUES
	('SAMPLE-00001', 'Runtime Environment01', 'Foundation Layer01', 'Y', 'eGov'),
	('SAMPLE-00002', 'Runtime Environment02', 'Foundation Layer02', 'Y', 'eGov'),
	('SAMPLE-00003', 'Runtime Environment03', 'Foundation Layer03', 'Y', 'eGov'),
	('SAMPLE-00004', 'Runtime Environment04', 'Foundation Layer04', 'Y', 'eGov'),
	('SAMPLE-00005', 'Runtime Environment05', 'Foundation Layer05', 'Y', 'eGov'),
	('SAMPLE-00006', 'Runtime Environment06', 'Foundation Layer06', 'Y', 'eGov'),
	('SAMPLE-00007', 'Runtime Environment07', 'Foundation Layer07', 'Y', 'eGov'),
	('SAMPLE-00008', 'Runtime Environment08', 'Foundation Layer08', 'Y', 'eGov'),
	('SAMPLE-00009', 'Runtime Environment09', 'Foundation Layer09', 'Y', 'eGov'),
	('SAMPLE-00010', 'Runtime Environment10', 'Foundation Layer10', 'Y', 'eGov'),
	('SAMPLE-00011', 'Runtime Environment11', 'Foundation Layer11', 'Y', 'eGov'),
	('SAMPLE-00012', 'Runtime Environment12', 'Foundation Layer12', 'Y', 'eGov'),
	('SAMPLE-00013', 'Runtime Environment13', 'Foundation Layer13', 'Y', 'eGov'),
	('SAMPLE-00014', 'Runtime Environment14', 'Foundation Layer14', 'Y', 'eGov'),
	('SAMPLE-00015', 'Runtime Environment15', 'Foundation Layer15', 'Y', 'eGov'),
	('SAMPLE-00016', 'Runtime Environment16', 'Foundation Layer16', 'Y', 'eGov'),
	('SAMPLE-00017', 'Runtime Environment17', 'Foundation Layer17', 'Y', 'eGov'),
	('SAMPLE-00018', 'Runtime Environment18', 'Foundation Layer18', 'Y', 'eGov'),
	('SAMPLE-00019', 'Runtime Environment19', 'Foundation Layer19', 'Y', 'eGov'),
	('SAMPLE-00020', 'Runtime Environment20', 'Foundation Layer20', 'Y', 'eGov'),
	('SAMPLE-00021', 'Runtime Environment21', 'Foundation Layer21', 'Y', 'eGov'),
	('SAMPLE-00022', 'Runtime Environment22', 'Foundation Layer22', 'Y', 'eGov'),
	('SAMPLE-00023', 'Runtime Environment23', 'Foundation Layer23', 'Y', 'eGov'),
	('SAMPLE-00024', 'Runtime Environment24', 'Foundation Layer24', 'Y', 'eGov'),
	('SAMPLE-00025', 'Runtime Environment25', 'Foundation Layer25', 'Y', 'eGov'),
	('SAMPLE-00026', 'Runtime Environment26', 'Foundation Layer26', 'Y', 'eGov'),
	('SAMPLE-00027', 'Runtime Environment27', 'Foundation Layer27', 'Y', 'eGov'),
	('SAMPLE-00028', 'Runtime Environment28', 'Foundation Layer28', 'Y', 'eGov'),
	('SAMPLE-00029', 'Runtime Environment29', 'Foundation Layer29', 'Y', 'eGov'),
	('SAMPLE-00030', 'Runtime Environment30', 'Foundation Layer30', 'Y', 'eGov'),
	('SAMPLE-00031', 'Runtime Environment31', 'Foundation Layer31', 'Y', 'eGov'),
	('SAMPLE-00032', 'Runtime Environment32', 'Foundation Layer32', 'Y', 'eGov'),
	('SAMPLE-00033', 'Runtime Environment33', 'Foundation Layer33', 'Y', 'eGov'),
	('SAMPLE-00034', 'Runtime Environment34', 'Foundation Layer34', 'Y', 'eGov'),
	('SAMPLE-00035', 'Runtime Environment35', 'Foundation Layer35', 'Y', 'eGov'),
	('SAMPLE-00036', 'Runtime Environment36', 'Foundation Layer36', 'Y', 'eGov'),
	('SAMPLE-00037', 'Runtime Environment37', 'Foundation Layer37', 'Y', 'eGov'),
	('SAMPLE-00038', 'Runtime Environment38', 'Foundation Layer38', 'Y', 'eGov'),
	('SAMPLE-00039', 'Runtime Environment39', 'Foundation Layer39', 'Y', 'eGov'),
	('SAMPLE-00040', 'Runtime Environment40', 'Foundation Layer40', 'Y', 'eGov'),
	('SAMPLE-00041', 'Runtime Environment41', 'Foundation Layer41', 'Y', 'eGov'),
	('SAMPLE-00042', 'Runtime Environment42', 'Foundation Layer42', 'Y', 'eGov'),
	('SAMPLE-00043', 'Runtime Environment43', 'Foundation Layer43', 'Y', 'eGov'),
	('SAMPLE-00044', 'Runtime Environment44', 'Foundation Layer44', 'Y', 'eGov'),
	('SAMPLE-00045', 'Runtime Environment45', 'Foundation Layer45', 'Y', 'eGov'),
	('SAMPLE-00046', 'Runtime Environment46', 'Foundation Layer46', 'Y', 'eGov'),
	('SAMPLE-00047', 'Runtime Environment47', 'Foundation Layer47', 'Y', 'eGov'),
	('SAMPLE-00048', 'Runtime Environment48', 'Foundation Layer48', 'Y', 'eGov'),
	('SAMPLE-00049', 'Runtime Environment49', 'Foundation Layer49', 'Y', 'eGov'),
	('SAMPLE-00050', 'Runtime Environment50', 'Foundation Layer50', 'Y', 'eGov'),
	('SAMPLE-00051', 'Runtime Environment51', 'Foundation Layer51', 'Y', 'eGov'),
	('SAMPLE-00052', 'Runtime Environment52', 'Foundation Layer52', 'Y', 'eGov'),
	('SAMPLE-00053', 'Runtime Environment53', 'Foundation Layer53', 'Y', 'eGov'),
	('SAMPLE-00054', 'Runtime Environment54', 'Foundation Layer54', 'Y', 'eGov'),
	('SAMPLE-00055', 'Runtime Environment55', 'Foundation Layer55', 'Y', 'eGov'),
	('SAMPLE-00056', 'Runtime Environment56', 'Foundation Layer56', 'Y', 'eGov'),
	('SAMPLE-00057', 'Runtime Environment57', 'Foundation Layer57', 'Y', 'eGov'),
	('SAMPLE-00058', 'Runtime Environment58', 'Foundation Layer58', 'Y', 'eGov'),
	('SAMPLE-00059', 'Runtime Environment59', 'Foundation Layer59', 'Y', 'eGov'),
	('SAMPLE-00060', 'Runtime Environment60', 'Foundation Layer60', 'Y', 'eGov'),
	('SAMPLE-00061', 'Runtime Environment61', 'Foundation Layer61', 'Y', 'eGov'),
	('SAMPLE-00062', 'Runtime Environment62', 'Foundation Layer62', 'Y', 'eGov'),
	('SAMPLE-00063', 'Runtime Environment63', 'Foundation Layer63', 'Y', 'eGov'),
	('SAMPLE-00064', 'Runtime Environment64', 'Foundation Layer64', 'Y', 'eGov'),
	('SAMPLE-00065', 'Runtime Environment65', 'Foundation Layer65', 'Y', 'eGov'),
	('SAMPLE-00066', 'Runtime Environment66', 'Foundation Layer66', 'Y', 'eGov'),
	('SAMPLE-00067', 'Runtime Environment67', 'Foundation Layer67', 'Y', 'eGov'),
	('SAMPLE-00068', 'Runtime Environment68', 'Foundation Layer68', 'Y', 'eGov'),
	('SAMPLE-00069', 'Runtime Environment69', 'Foundation Layer69', 'Y', 'eGov'),
	('SAMPLE-00070', 'Runtime Environment70', 'Foundation Layer70', 'Y', 'eGov'),
	('SAMPLE-00071', 'Runtime Environment71', 'Foundation Layer71', 'Y', 'eGov'),
	('SAMPLE-00072', 'Runtime Environment72', 'Foundation Layer72', 'Y', 'eGov'),
	('SAMPLE-00073', 'Runtime Environment73', 'Foundation Layer73', 'Y', 'eGov'),
	('SAMPLE-00074', 'Runtime Environment74', 'Foundation Layer74', 'Y', 'eGov'),
	('SAMPLE-00075', 'Runtime Environment75', 'Foundation Layer75', 'Y', 'eGov'),
	('SAMPLE-00076', 'Runtime Environment76', 'Foundation Layer76', 'Y', 'eGov'),
	('SAMPLE-00077', 'Runtime Environment77', 'Foundation Layer77', 'Y', 'eGov'),
	('SAMPLE-00078', 'Runtime Environment78', 'Foundation Layer78', 'Y', 'eGov'),
	('SAMPLE-00079', 'Runtime Environment79', 'Foundation Layer79', 'Y', 'eGov'),
	('SAMPLE-00080', 'Runtime Environment80', 'Foundation Layer80', 'Y', 'eGov'),
	('SAMPLE-00081', 'Runtime Environment81', 'Foundation Layer81', 'Y', 'eGov'),
	('SAMPLE-00082', 'Runtime Environment82', 'Foundation Layer82', 'Y', 'eGov'),
	('SAMPLE-00083', 'Runtime Environment83', 'Foundation Layer83', 'Y', 'eGov'),
	('SAMPLE-00084', 'Runtime Environment84', 'Foundation Layer84', 'Y', 'eGov'),
	('SAMPLE-00085', 'Runtime Environment85', 'Foundation Layer85', 'Y', 'eGov'),
	('SAMPLE-00086', 'Runtime Environment86', 'Foundation Layer86', 'Y', 'eGov'),
	('SAMPLE-00087', 'Runtime Environment87', 'Foundation Layer87', 'Y', 'eGov'),
	('SAMPLE-00088', 'Runtime Environment88', 'Foundation Layer88', 'Y', 'eGov'),
	('SAMPLE-00089', 'Runtime Environment89', 'Foundation Layer89', 'Y', 'eGov'),
	('SAMPLE-00090', 'Runtime Environment90', 'Foundation Layer90', 'Y', 'eGov'),
	('SAMPLE-00091', 'Runtime Environment91', 'Foundation Layer91', 'Y', 'eGov'),
	('SAMPLE-00092', 'Runtime Environment92', 'Foundation Layer92', 'Y', 'eGov'),
	('SAMPLE-00093', 'Runtime Environment93', 'Foundation Layer93', 'Y', 'eGov'),
	('SAMPLE-00094', 'Runtime Environment94', 'Foundation Layer94', 'Y', 'eGov'),
	('SAMPLE-00095', 'Runtime Environment95', 'Foundation Layer95', 'Y', 'eGov'),
	('SAMPLE-00096', 'Runtime Environment96', 'Foundation Layer96', 'Y', 'eGov'),
	('SAMPLE-00097', 'Runtime Environment97', 'Foundation Layer97', 'Y', 'eGov'),
	('SAMPLE-00098', 'Runtime Environment98', 'Foundation Layer98', 'Y', 'eGov'),
	('SAMPLE-00099', 'Runtime Environment99', 'Foundation Layer99', 'Y', 'eGov'),
	('SAMPLE-00100', 'Runtime Environment100', 'Foundation Layer100', 'Y', 'eGov'),
	('SAMPLE-00101', 'Runtime Environment101', 'Foundation Layer101', 'Y', 'eGov'),
	('SAMPLE-00102', 'Runtime Environment102', 'Foundation Layer102', 'Y', 'eGov'),
	('SAMPLE-00103', 'Runtime Environment103', 'Foundation Layer103', 'Y', 'eGov'),
	('SAMPLE-00104', 'Runtime Environment104', 'Foundation Layer104', 'Y', 'eGov'),
	('SAMPLE-00105', 'Runtime Environment105', 'Foundation Layer105', 'Y', 'eGov'),
	('SAMPLE-00106', 'Runtime Environment106', 'Foundation Layer106', 'Y', 'eGov'),
	('SAMPLE-00107', 'Runtime Environment107', 'Foundation Layer107', 'Y', 'eGov'),
	('SAMPLE-00108', 'Runtime Environment108', 'Foundation Layer108', 'Y', 'eGov'),
	('SAMPLE-00109', 'Runtime Environment109', 'Foundation Layer109', 'Y', 'eGov'),
	('SAMPLE-00110', 'Runtime Environment110', 'Foundation Layer110', 'Y', 'eGov'),
	('SAMPLE-00111', 'Runtime Environment111', 'Foundation Layer111', 'Y', 'eGov'),
	('SAMPLE-00112', 'Runtime Environment112', 'Foundation Layer112', 'Y', 'eGov'),
	('SAMPLE-00113', 'Runtime Environment113', 'Foundation Layer113', 'Y', 'eGov'),
	('SAMPLE-00114', 'Runtime Environment114', 'Foundation Layer114', 'Y', 'eGov'),
	('SAMPLE-00115', 'Runtime Environment115', 'Foundation Layer115', 'Y', 'eGov'),
	('SAMPLE-00116', 'Runtime Environment116', 'Foundation Layer116', 'Y', 'eGov'),
	('SAMPLE-00117', 'Runtime Environment117', 'Foundation Layer117', 'Y', 'eGov'),
	('SAMPLE-00118', 'Runtime Environment118', 'Foundation Layer118', 'Y', 'eGov'),
	('SAMPLE-00119', 'Runtime Environment119', 'Foundation Layer119', 'Y', 'eGov'),
	('SAMPLE-00120', 'Runtime Environment120', 'Foundation Layer120', 'Y', 'eGov'),
	('SAMPLE-00121', 'Runtime Environment121', 'Foundation Layer121', 'Y', 'eGov'),
	('SAMPLE-00122', 'Runtime Environment122', 'Foundation Layer122', 'Y', 'eGov'),
	('SAMPLE-00123', 'Runtime Environment123', 'Foundation Layer123', 'Y', 'eGov'),
	('SAMPLE-00124', 'Runtime Environment124', 'Foundation Layer124', 'Y', 'eGov'),
	('SAMPLE-00125', 'Runtime Environment125', 'Foundation Layer125', 'Y', 'eGov'),
	('SAMPLE-00126', 'Runtime Environment126', 'Foundation Layer126', 'Y', 'eGov'),
	('SAMPLE-00127', 'Runtime Environment127', 'Foundation Layer127', 'Y', 'eGov'),
	('SAMPLE-00128', 'Runtime Environment128', 'Foundation Layer128', 'Y', 'eGov'),
	('SAMPLE-00129', 'Runtime Environment129', 'Foundation Layer129', 'Y', 'eGov'),
	('SAMPLE-00130', 'Runtime Environment130', 'Foundation Layer130', 'Y', 'eGov'),
	('SAMPLE-00131', 'Runtime Environment131', 'Foundation Layer131', 'Y', 'eGov'),
	('SAMPLE-00132', 'Runtime Environment132', 'Foundation Layer132', 'Y', 'eGov'),
	('SAMPLE-00133', 'Runtime Environment133', 'Foundation Layer133', 'Y', 'eGov'),
	('SAMPLE-00134', 'Runtime Environment134', 'Foundation Layer134', 'Y', 'eGov'),
	('SAMPLE-00135', 'Runtime Environment135', 'Foundation Layer135', 'Y', 'eGov'),
	('SAMPLE-00136', 'Runtime Environment136', 'Foundation Layer136', 'Y', 'eGov'),
	('SAMPLE-00137', 'Runtime Environment137', 'Foundation Layer137', 'Y', 'eGov'),
	('SAMPLE-00138', 'Runtime Environment138', 'Foundation Layer138', 'Y', 'eGov'),
	('SAMPLE-00139', 'Runtime Environment139', 'Foundation Layer139', 'Y', 'eGov'),
	('SAMPLE-00140', 'Runtime Environment140', 'Foundation Layer140', 'Y', 'eGov'),
	('SAMPLE-00141', 'Runtime Environment141', 'Foundation Layer141', 'Y', 'eGov'),
	('SAMPLE-00142', 'Runtime Environment142', 'Foundation Layer142', 'Y', 'eGov'),
	('SAMPLE-00143', 'Runtime Environment143', 'Foundation Layer143', 'Y', 'eGov'),
	('SAMPLE-00144', 'Runtime Environment144', 'Foundation Layer144', 'Y', 'eGov'),
	('SAMPLE-00145', 'Runtime Environment145', 'Foundation Layer145', 'Y', 'eGov'),
	('SAMPLE-00146', 'Runtime Environment146', 'Foundation Layer146', 'Y', 'eGov'),
	('SAMPLE-00147', 'Runtime Environment147', 'Foundation Layer147', 'Y', 'eGov'),
	('SAMPLE-00148', 'Runtime Environment148', 'Foundation Layer148', 'Y', 'eGov'),
	('SAMPLE-00149', 'Runtime Environment149', 'Foundation Layer149', 'Y', 'eGov'),
	('SAMPLE-00150', 'Runtime Environment150', 'Foundation Layer150', 'Y', 'eGov'),
	('SAMPLE-00151', 'Runtime Environment151', 'Foundation Layer151', 'Y', 'eGov'),
	('SAMPLE-00152', 'Runtime Environment152', 'Foundation Layer152', 'Y', 'eGov'),
	('SAMPLE-00153', 'Runtime Environment153', 'Foundation Layer153', 'Y', 'eGov'),
	('SAMPLE-00154', 'Runtime Environment154', 'Foundation Layer154', 'Y', 'eGov'),
	('SAMPLE-00155', 'Runtime Environment155', 'Foundation Layer155', 'Y', 'eGov'),
	('SAMPLE-00156', 'Runtime Environment156', 'Foundation Layer156', 'Y', 'eGov'),
	('SAMPLE-00157', 'Runtime Environment157', 'Foundation Layer157', 'Y', 'eGov'),
	('SAMPLE-00158', 'Runtime Environment158', 'Foundation Layer158', 'Y', 'eGov'),
	('SAMPLE-00159', 'Runtime Environment159', 'Foundation Layer159', 'Y', 'eGov'),
	('SAMPLE-00160', 'Runtime Environment160', 'Foundation Layer160', 'Y', 'eGov'),
	('SAMPLE-00161', 'Runtime Environment161', 'Foundation Layer161', 'Y', 'eGov'),
	('SAMPLE-00162', 'Runtime Environment162', 'Foundation Layer162', 'Y', 'eGov'),
	('SAMPLE-00163', 'Runtime Environment163', 'Foundation Layer163', 'Y', 'eGov'),
	('SAMPLE-00164', 'Runtime Environment164', 'Foundation Layer164', 'Y', 'eGov'),
	('SAMPLE-00165', 'Runtime Environment165', 'Foundation Layer165', 'Y', 'eGov'),
	('SAMPLE-00166', 'Runtime Environment166', 'Foundation Layer166', 'Y', 'eGov'),
	('SAMPLE-00167', 'Runtime Environment167', 'Foundation Layer167', 'Y', 'eGov'),
	('SAMPLE-00168', 'Runtime Environment168', 'Foundation Layer168', 'Y', 'eGov'),
	('SAMPLE-00169', 'Runtime Environment169', 'Foundation Layer169', 'Y', 'eGov'),
	('SAMPLE-00170', 'Runtime Environment170', 'Foundation Layer170', 'Y', 'eGov'),
	('SAMPLE-00171', 'Runtime Environment171', 'Foundation Layer171', 'Y', 'eGov'),
	('SAMPLE-00172', 'Runtime Environment172', 'Foundation Layer172', 'Y', 'eGov'),
	('SAMPLE-00173', 'Runtime Environment173', 'Foundation Layer173', 'Y', 'eGov'),
	('SAMPLE-00174', 'Runtime Environment174', 'Foundation Layer174', 'Y', 'eGov'),
	('SAMPLE-00175', 'Runtime Environment175', 'Foundation Layer175', 'Y', 'eGov'),
	('SAMPLE-00176', 'Runtime Environment176', 'Foundation Layer176', 'Y', 'eGov'),
	('SAMPLE-00177', 'Runtime Environment177', 'Foundation Layer177', 'Y', 'eGov'),
	('SAMPLE-00178', 'Runtime Environment178', 'Foundation Layer178', 'Y', 'eGov'),
	('SAMPLE-00179', 'Runtime Environment179', 'Foundation Layer179', 'Y', 'eGov'),
	('SAMPLE-00180', 'Runtime Environment180', 'Foundation Layer180', 'Y', 'eGov'),
	('SAMPLE-00181', 'Runtime Environment181', 'Foundation Layer181', 'Y', 'eGov'),
	('SAMPLE-00182', 'Runtime Environment182', 'Foundation Layer182', 'Y', 'eGov'),
	('SAMPLE-00183', 'Runtime Environment183', 'Foundation Layer183', 'Y', 'eGov'),
	('SAMPLE-00184', 'Runtime Environment184', 'Foundation Layer184', 'Y', 'eGov'),
	('SAMPLE-00185', 'Runtime Environment185', 'Foundation Layer185', 'Y', 'eGov'),
	('SAMPLE-00186', 'Runtime Environment186', 'Foundation Layer186', 'Y', 'eGov'),
	('SAMPLE-00187', 'Runtime Environment187', 'Foundation Layer187', 'Y', 'eGov'),
	('SAMPLE-00188', 'Runtime Environment188', 'Foundation Layer188', 'Y', 'eGov'),
	('SAMPLE-00189', 'Runtime Environment189', 'Foundation Layer189', 'Y', 'eGov'),
	('SAMPLE-00190', 'Runtime Environment190', 'Foundation Layer190', 'Y', 'eGov'),
	('SAMPLE-00191', 'Runtime Environment191', 'Foundation Layer191', 'Y', 'eGov'),
	('SAMPLE-00192', 'Runtime Environment192', 'Foundation Layer192', 'Y', 'eGov'),
	('SAMPLE-00193', 'Runtime Environment193', 'Foundation Layer193', 'Y', 'eGov'),
	('SAMPLE-00194', 'Runtime Environment194', 'Foundation Layer194', 'Y', 'eGov'),
	('SAMPLE-00195', 'Runtime Environment195', 'Foundation Layer195', 'Y', 'eGov'),
	('SAMPLE-00196', 'Runtime Environment196', 'Foundation Layer196', 'Y', 'eGov'),
	('SAMPLE-00197', 'Runtime Environment197', 'Foundation Layer197', 'Y', 'eGov'),
	('SAMPLE-00198', 'Runtime Environment198', 'Foundation Layer198', 'Y', 'eGov'),
	('SAMPLE-00199', 'Runtime Environment199', 'Foundation Layer199', 'Y', 'eGov'),
	('SAMPLE-00200', 'Runtime Environment200', 'Foundation Layer200', 'Y', 'eGov'),
	('SAMPLE-00201', 'Runtime Environment201', 'Foundation Layer201', 'Y', 'eGov'),
	('SAMPLE-00202', 'Runtime Environment202', 'Foundation Layer202', 'Y', 'eGov'),
	('SAMPLE-00203', 'Runtime Environment203', 'Foundation Layer203', 'Y', 'eGov'),
	('SAMPLE-00204', 'Runtime Environment204', 'Foundation Layer204', 'Y', 'eGov'),
	('SAMPLE-00205', 'Runtime Environment205', 'Foundation Layer205', 'Y', 'eGov'),
	('SAMPLE-00206', 'Runtime Environment206', 'Foundation Layer206', 'Y', 'eGov'),
	('SAMPLE-00207', 'Runtime Environment207', 'Foundation Layer207', 'Y', 'eGov'),
	('SAMPLE-00208', 'Runtime Environment208', 'Foundation Layer208', 'Y', 'eGov'),
	('SAMPLE-00209', 'Runtime Environment209', 'Foundation Layer209', 'Y', 'eGov'),
	('SAMPLE-00210', 'Runtime Environment210', 'Foundation Layer210', 'Y', 'eGov'),
	('SAMPLE-00211', 'Runtime Environment211', 'Foundation Layer211', 'Y', 'eGov'),
	('SAMPLE-00212', 'Runtime Environment212', 'Foundation Layer212', 'Y', 'eGov'),
	('SAMPLE-00213', 'Runtime Environment213', 'Foundation Layer213', 'Y', 'eGov'),
	('SAMPLE-00214', 'Runtime Environment214', 'Foundation Layer214', 'Y', 'eGov'),
	('SAMPLE-00215', 'Runtime Environment215', 'Foundation Layer215', 'Y', 'eGov'),
	('SAMPLE-00216', 'Runtime Environment216', 'Foundation Layer216', 'Y', 'eGov'),
	('SAMPLE-00217', 'Runtime Environment217', 'Foundation Layer217', 'Y', 'eGov'),
	('SAMPLE-00218', 'Runtime Environment218', 'Foundation Layer218', 'Y', 'eGov'),
	('SAMPLE-00219', 'Runtime Environment219', 'Foundation Layer219', 'Y', 'eGov'),
	('SAMPLE-00220', 'Runtime Environment220', 'Foundation Layer220', 'Y', 'eGov'),
	('SAMPLE-00221', 'Runtime Environment221', 'Foundation Layer221', 'Y', 'eGov'),
	('SAMPLE-00222', 'Runtime Environment222', 'Foundation Layer222', 'Y', 'eGov'),
	('SAMPLE-00223', 'Runtime Environment223', 'Foundation Layer223', 'Y', 'eGov'),
	('SAMPLE-00224', 'Runtime Environment224', 'Foundation Layer224', 'Y', 'eGov'),
	('SAMPLE-00225', 'Runtime Environment225', 'Foundation Layer225', 'Y', 'eGov'),
	('SAMPLE-00226', 'Runtime Environment226', 'Foundation Layer226', 'Y', 'eGov'),
	('SAMPLE-00227', 'Runtime Environment227', 'Foundation Layer227', 'Y', 'eGov'),
	('SAMPLE-00228', 'Runtime Environment228', 'Foundation Layer228', 'Y', 'eGov'),
	('SAMPLE-00229', 'Runtime Environment229', 'Foundation Layer229', 'Y', 'eGov'),
	('SAMPLE-00230', 'Runtime Environment230', 'Foundation Layer230', 'Y', 'eGov'),
	('SAMPLE-00231', 'Runtime Environment231', 'Foundation Layer231', 'Y', 'eGov'),
	('SAMPLE-00232', 'Runtime Environment232', 'Foundation Layer232', 'Y', 'eGov'),
	('SAMPLE-00233', 'Runtime Environment233', 'Foundation Layer233', 'Y', 'eGov'),
	('SAMPLE-00234', 'Runtime Environment234', 'Foundation Layer234', 'Y', 'eGov'),
	('SAMPLE-00235', 'Runtime Environment235', 'Foundation Layer235', 'Y', 'eGov'),
	('SAMPLE-00236', 'Runtime Environment236', 'Foundation Layer236', 'Y', 'eGov'),
	('SAMPLE-00237', 'Runtime Environment237', 'Foundation Layer237', 'Y', 'eGov'),
	('SAMPLE-00238', 'Runtime Environment238', 'Foundation Layer238', 'Y', 'eGov'),
	('SAMPLE-00239', 'Runtime Environment239', 'Foundation Layer239', 'Y', 'eGov'),
	('SAMPLE-00240', 'Runtime Environment240', 'Foundation Layer240', 'Y', 'eGov'),
	('SAMPLE-00241', 'Runtime Environment241', 'Foundation Layer241', 'Y', 'eGov'),
	('SAMPLE-00242', 'Runtime Environment242', 'Foundation Layer242', 'Y', 'eGov'),
	('SAMPLE-00243', 'Runtime Environment243', 'Foundation Layer243', 'Y', 'eGov'),
	('SAMPLE-00244', 'Runtime Environment244', 'Foundation Layer244', 'Y', 'eGov'),
	('SAMPLE-00245', 'Runtime Environment245', 'Foundation Layer245', 'Y', 'eGov'),
	('SAMPLE-00246', 'Runtime Environment246', 'Foundation Layer246', 'Y', 'eGov'),
	('SAMPLE-00247', 'Runtime Environment247', 'Foundation Layer247', 'Y', 'eGov'),
	('SAMPLE-00248', 'Runtime Environment248', 'Foundation Layer248', 'Y', 'eGov'),
	('SAMPLE-00249', 'Runtime Environment249', 'Foundation Layer249', 'Y', 'eGov'),
	('SAMPLE-00250', 'Runtime Environment250', 'Foundation Layer250', 'Y', 'eGov'),
	('SAMPLE-00251', 'Runtime Environment251', 'Foundation Layer251', 'Y', 'eGov'),
	('SAMPLE-00252', 'Runtime Environment252', 'Foundation Layer252', 'Y', 'eGov'),
	('SAMPLE-00253', 'Runtime Environment253', 'Foundation Layer253', 'Y', 'eGov'),
	('SAMPLE-00254', 'Runtime Environment254', 'Foundation Layer254', 'Y', 'eGov'),
	('SAMPLE-00255', 'Runtime Environment255', 'Foundation Layer255', 'Y', 'eGov'),
	('SAMPLE-00256', 'Runtime Environment256', 'Foundation Layer256', 'Y', 'eGov'),
	('SAMPLE-00257', 'Runtime Environment257', 'Foundation Layer257', 'Y', 'eGov'),
	('SAMPLE-00258', 'Runtime Environment258', 'Foundation Layer258', 'Y', 'eGov'),
	('SAMPLE-00259', 'Runtime Environment259', 'Foundation Layer259', 'Y', 'eGov'),
	('SAMPLE-00260', 'Runtime Environment260', 'Foundation Layer260', 'Y', 'eGov'),
	('SAMPLE-00261', 'Runtime Environment261', 'Foundation Layer261', 'Y', 'eGov'),
	('SAMPLE-00262', 'Runtime Environment262', 'Foundation Layer262', 'Y', 'eGov'),
	('SAMPLE-00263', 'Runtime Environment263', 'Foundation Layer263', 'Y', 'eGov'),
	('SAMPLE-00264', 'Runtime Environment264', 'Foundation Layer264', 'Y', 'eGov'),
	('SAMPLE-00265', 'Runtime Environment265', 'Foundation Layer265', 'Y', 'eGov'),
	('SAMPLE-00266', 'Runtime Environment266', 'Foundation Layer266', 'Y', 'eGov'),
	('SAMPLE-00267', 'Runtime Environment267', 'Foundation Layer267', 'Y', 'eGov'),
	('SAMPLE-00268', 'Runtime Environment268', 'Foundation Layer268', 'Y', 'eGov'),
	('SAMPLE-00269', 'Runtime Environment269', 'Foundation Layer269', 'Y', 'eGov'),
	('SAMPLE-00270', 'Runtime Environment270', 'Foundation Layer270', 'Y', 'eGov'),
	('SAMPLE-00271', 'Runtime Environment271', 'Foundation Layer271', 'Y', 'eGov'),
	('SAMPLE-00272', 'Runtime Environment272', 'Foundation Layer272', 'Y', 'eGov'),
	('SAMPLE-00273', 'Runtime Environment273', 'Foundation Layer273', 'Y', 'eGov'),
	('SAMPLE-00274', 'Runtime Environment274', 'Foundation Layer274', 'Y', 'eGov'),
	('SAMPLE-00275', 'Runtime Environment275', 'Foundation Layer275', 'Y', 'eGov'),
	('SAMPLE-00276', 'Runtime Environment276', 'Foundation Layer276', 'Y', 'eGov'),
	('SAMPLE-00277', 'Runtime Environment277', 'Foundation Layer277', 'Y', 'eGov'),
	('SAMPLE-00278', 'Runtime Environment278', 'Foundation Layer278', 'Y', 'eGov'),
	('SAMPLE-00279', 'Runtime Environment279', 'Foundation Layer279', 'Y', 'eGov'),
	('SAMPLE-00280', 'Runtime Environment280', 'Foundation Layer280', 'Y', 'eGov'),
	('SAMPLE-00281', 'Runtime Environment281', 'Foundation Layer281', 'Y', 'eGov'),
	('SAMPLE-00282', 'Runtime Environment282', 'Foundation Layer282', 'Y', 'eGov'),
	('SAMPLE-00283', 'Runtime Environment283', 'Foundation Layer283', 'Y', 'eGov'),
	('SAMPLE-00284', 'Runtime Environment284', 'Foundation Layer284', 'Y', 'eGov'),
	('SAMPLE-00285', 'Runtime Environment285', 'Foundation Layer285', 'Y', 'eGov'),
	('SAMPLE-00286', 'Runtime Environment286', 'Foundation Layer286', 'Y', 'eGov'),
	('SAMPLE-00287', 'Runtime Environment287', 'Foundation Layer287', 'Y', 'eGov'),
	('SAMPLE-00288', 'Runtime Environment288', 'Foundation Layer288', 'Y', 'eGov'),
	('SAMPLE-00289', 'Runtime Environment289', 'Foundation Layer289', 'Y', 'eGov'),
	('SAMPLE-00290', 'Runtime Environment290', 'Foundation Layer290', 'Y', 'eGov'),
	('SAMPLE-00291', 'Runtime Environment291', 'Foundation Layer291', 'Y', 'eGov'),
	('SAMPLE-00292', 'Runtime Environment292', 'Foundation Layer292', 'Y', 'eGov'),
	('SAMPLE-00293', 'Runtime Environment293', 'Foundation Layer293', 'Y', 'eGov'),
	('SAMPLE-00294', 'Runtime Environment294', 'Foundation Layer294', 'Y', 'eGov'),
	('SAMPLE-00295', 'Runtime Environment295', 'Foundation Layer295', 'Y', 'eGov'),
	('SAMPLE-00296', 'Runtime Environment296', 'Foundation Layer296', 'Y', 'eGov'),
	('SAMPLE-00297', 'Runtime Environment297', 'Foundation Layer297', 'Y', 'eGov'),
	('SAMPLE-00298', 'Runtime Environment298', 'Foundation Layer298', 'Y', 'eGov'),
	('SAMPLE-00299', 'Runtime Environment299', 'Foundation Layer299', 'Y', 'eGov'),
	('SAMPLE-00300', 'Runtime Environment300', 'Foundation Layer300', 'Y', 'eGov'),
	('SAMPLE-00301', 'Runtime Environment301', 'Foundation Layer301', 'Y', 'eGov'),
	('SAMPLE-00302', 'Runtime Environment302', 'Foundation Layer302', 'Y', 'eGov'),
	('SAMPLE-00303', 'Runtime Environment303', 'Foundation Layer303', 'Y', 'eGov'),
	('SAMPLE-00304', 'Runtime Environment304', 'Foundation Layer304', 'Y', 'eGov'),
	('SAMPLE-00305', 'Runtime Environment305', 'Foundation Layer305', 'Y', 'eGov'),
	('SAMPLE-00306', 'Runtime Environment306', 'Foundation Layer306', 'Y', 'eGov'),
	('SAMPLE-00307', 'Runtime Environment307', 'Foundation Layer307', 'Y', 'eGov'),
	('SAMPLE-00308', 'Runtime Environment308', 'Foundation Layer308', 'Y', 'eGov'),
	('SAMPLE-00309', 'Runtime Environment309', 'Foundation Layer309', 'Y', 'eGov'),
	('SAMPLE-00310', 'Runtime Environment310', 'Foundation Layer310', 'Y', 'eGov'),
	('SAMPLE-00311', 'Runtime Environment311', 'Foundation Layer311', 'Y', 'eGov'),
	('SAMPLE-00312', 'Runtime Environment312', 'Foundation Layer312', 'Y', 'eGov'),
	('SAMPLE-00313', 'Runtime Environment313', 'Foundation Layer313', 'Y', 'eGov'),
	('SAMPLE-00314', 'Runtime Environment314', 'Foundation Layer314', 'Y', 'eGov'),
	('SAMPLE-00315', 'Runtime Environment315', 'Foundation Layer315', 'Y', 'eGov'),
	('SAMPLE-00316', 'Runtime Environment316', 'Foundation Layer316', 'Y', 'eGov'),
	('SAMPLE-00317', 'Runtime Environment317', 'Foundation Layer317', 'Y', 'eGov'),
	('SAMPLE-00318', 'Runtime Environment318', 'Foundation Layer318', 'Y', 'eGov'),
	('SAMPLE-00319', 'Runtime Environment319', 'Foundation Layer319', 'Y', 'eGov'),
	('SAMPLE-00320', 'Runtime Environment320', 'Foundation Layer320', 'Y', 'eGov'),
	('SAMPLE-00321', 'Runtime Environment321', 'Foundation Layer321', 'Y', 'eGov'),
	('SAMPLE-00322', 'Runtime Environment322', 'Foundation Layer322', 'Y', 'eGov'),
	('SAMPLE-00323', 'Runtime Environment323', 'Foundation Layer323', 'Y', 'eGov'),
	('SAMPLE-00324', 'Runtime Environment324', 'Foundation Layer324', 'Y', 'eGov'),
	('SAMPLE-00325', 'Runtime Environment325', 'Foundation Layer325', 'Y', 'eGov'),
	('SAMPLE-00326', 'Runtime Environment326', 'Foundation Layer326', 'Y', 'eGov'),
	('SAMPLE-00327', 'Runtime Environment327', 'Foundation Layer327', 'Y', 'eGov'),
	('SAMPLE-00328', 'Runtime Environment328', 'Foundation Layer328', 'Y', 'eGov'),
	('SAMPLE-00329', 'Runtime Environment329', 'Foundation Layer329', 'Y', 'eGov'),
	('SAMPLE-00330', 'Runtime Environment330', 'Foundation Layer330', 'Y', 'eGov'),
	('SAMPLE-00331', 'Runtime Environment331', 'Foundation Layer331', 'Y', 'eGov'),
	('SAMPLE-00332', 'Runtime Environment332', 'Foundation Layer332', 'Y', 'eGov'),
	('SAMPLE-00333', 'Runtime Environment333', 'Foundation Layer333', 'Y', 'eGov'),
	('SAMPLE-00334', 'Runtime Environment334', 'Foundation Layer334', 'Y', 'eGov'),
	('SAMPLE-00335', 'Runtime Environment335', 'Foundation Layer335', 'Y', 'eGov'),
	('SAMPLE-00336', 'Runtime Environment336', 'Foundation Layer336', 'Y', 'eGov'),
	('SAMPLE-00337', 'Runtime Environment337', 'Foundation Layer337', 'Y', 'eGov'),
	('SAMPLE-00338', 'Runtime Environment338', 'Foundation Layer338', 'Y', 'eGov'),
	('SAMPLE-00339', 'Runtime Environment339', 'Foundation Layer339', 'Y', 'eGov'),
	('SAMPLE-00340', 'Runtime Environment340', 'Foundation Layer340', 'Y', 'eGov'),
	('SAMPLE-00341', 'Runtime Environment341', 'Foundation Layer341', 'Y', 'eGov'),
	('SAMPLE-00342', 'Runtime Environment342', 'Foundation Layer342', 'Y', 'eGov'),
	('SAMPLE-00343', 'Runtime Environment343', 'Foundation Layer343', 'Y', 'eGov'),
	('SAMPLE-00344', 'Runtime Environment344', 'Foundation Layer344', 'Y', 'eGov'),
	('SAMPLE-00345', 'Runtime Environment345', 'Foundation Layer345', 'Y', 'eGov'),
	('SAMPLE-00346', 'Runtime Environment346', 'Foundation Layer346', 'Y', 'eGov'),
	('SAMPLE-00347', 'Runtime Environment347', 'Foundation Layer347', 'Y', 'eGov'),
	('SAMPLE-00348', 'Runtime Environment348', 'Foundation Layer348', 'Y', 'eGov'),
	('SAMPLE-00349', 'Runtime Environment349', 'Foundation Layer349', 'Y', 'eGov'),
	('SAMPLE-00350', 'Runtime Environment350', 'Foundation Layer350', 'Y', 'eGov'),
	('SAMPLE-00351', 'Runtime Environment351', 'Foundation Layer351', 'Y', 'eGov'),
	('SAMPLE-00352', 'Runtime Environment352', 'Foundation Layer352', 'Y', 'eGov'),
	('SAMPLE-00353', 'Runtime Environment353', 'Foundation Layer353', 'Y', 'eGov'),
	('SAMPLE-00354', 'Runtime Environment354', 'Foundation Layer354', 'Y', 'eGov'),
	('SAMPLE-00355', 'Runtime Environment355', 'Foundation Layer355', 'Y', 'eGov'),
	('SAMPLE-00356', 'Runtime Environment356', 'Foundation Layer356', 'Y', 'eGov'),
	('SAMPLE-00357', 'Runtime Environment357', 'Foundation Layer357', 'Y', 'eGov'),
	('SAMPLE-00358', 'Runtime Environment358', 'Foundation Layer358', 'Y', 'eGov'),
	('SAMPLE-00359', 'Runtime Environment359', 'Foundation Layer359', 'Y', 'eGov'),
	('SAMPLE-00360', 'Runtime Environment360', 'Foundation Layer360', 'Y', 'eGov'),
	('SAMPLE-00361', 'Runtime Environment361', 'Foundation Layer361', 'Y', 'eGov'),
	('SAMPLE-00362', 'Runtime Environment362', 'Foundation Layer362', 'Y', 'eGov'),
	('SAMPLE-00363', 'Runtime Environment363', 'Foundation Layer363', 'Y', 'eGov'),
	('SAMPLE-00364', 'Runtime Environment364', 'Foundation Layer364', 'Y', 'eGov'),
	('SAMPLE-00365', 'Runtime Environment365', 'Foundation Layer365', 'Y', 'eGov'),
	('SAMPLE-00366', 'Runtime Environment366', 'Foundation Layer366', 'Y', 'eGov'),
	('SAMPLE-00367', 'Runtime Environment367', 'Foundation Layer367', 'Y', 'eGov'),
	('SAMPLE-00368', 'Runtime Environment368', 'Foundation Layer368', 'Y', 'eGov'),
	('SAMPLE-00369', 'Runtime Environment369', 'Foundation Layer369', 'Y', 'eGov'),
	('SAMPLE-00370', 'Runtime Environment370', 'Foundation Layer370', 'Y', 'eGov'),
	('SAMPLE-00371', 'Runtime Environment371', 'Foundation Layer371', 'Y', 'eGov'),
	('SAMPLE-00372', 'Runtime Environment372', 'Foundation Layer372', 'Y', 'eGov'),
	('SAMPLE-00373', 'Runtime Environment373', 'Foundation Layer373', 'Y', 'eGov'),
	('SAMPLE-00374', 'Runtime Environment374', 'Foundation Layer374', 'Y', 'eGov'),
	('SAMPLE-00375', 'Runtime Environment375', 'Foundation Layer375', 'Y', 'eGov'),
	('SAMPLE-00376', 'Runtime Environment376', 'Foundation Layer376', 'Y', 'eGov'),
	('SAMPLE-00377', 'Runtime Environment377', 'Foundation Layer377', 'Y', 'eGov'),
	('SAMPLE-00378', 'Runtime Environment378', 'Foundation Layer378', 'Y', 'eGov'),
	('SAMPLE-00379', 'Runtime Environment379', 'Foundation Layer379', 'Y', 'eGov'),
	('SAMPLE-00380', 'Runtime Environment380', 'Foundation Layer380', 'Y', 'eGov'),
	('SAMPLE-00381', 'Runtime Environment381', 'Foundation Layer381', 'Y', 'eGov'),
	('SAMPLE-00382', 'Runtime Environment382', 'Foundation Layer382', 'Y', 'eGov'),
	('SAMPLE-00383', 'Runtime Environment383', 'Foundation Layer383', 'Y', 'eGov'),
	('SAMPLE-00384', 'Runtime Environment384', 'Foundation Layer384', 'Y', 'eGov'),
	('SAMPLE-00385', 'Runtime Environment385', 'Foundation Layer385', 'Y', 'eGov'),
	('SAMPLE-00386', 'Runtime Environment386', 'Foundation Layer386', 'Y', 'eGov'),
	('SAMPLE-00387', 'Runtime Environment387', 'Foundation Layer387', 'Y', 'eGov'),
	('SAMPLE-00388', 'Runtime Environment388', 'Foundation Layer388', 'Y', 'eGov'),
	('SAMPLE-00389', 'Runtime Environment389', 'Foundation Layer389', 'Y', 'eGov'),
	('SAMPLE-00390', 'Runtime Environment390', 'Foundation Layer390', 'Y', 'eGov'),
	('SAMPLE-00391', 'Runtime Environment391', 'Foundation Layer391', 'Y', 'eGov'),
	('SAMPLE-00392', 'Runtime Environment392', 'Foundation Layer392', 'Y', 'eGov');
/*!40000 ALTER TABLE `tb_sample` ENABLE KEYS */;

-- 테이블 edupackdb.tb_user 구조 내보내기
DROP TABLE IF EXISTS `tb_user`;
CREATE TABLE IF NOT EXISTS `tb_user` (
  `USER_ID` varchar(50) NOT NULL,
  `USER_NAME` varchar(50) NOT NULL,
  `EN_NAME` varchar(20) DEFAULT NULL,
  `CELL_PHONE` varchar(20) DEFAULT NULL,
  `COMPANY` varchar(50) DEFAULT NULL,
  `DEPT_ID` varchar(20) DEFAULT NULL,
  `JOB_POSITION` varchar(20) DEFAULT NULL,
  `ZIP_CODE` varchar(20) DEFAULT NULL,
  `ADDRESS` varchar(20) DEFAULT NULL,
  `EMAIL` varchar(20) DEFAULT NULL,
  `PASSWORD` varchar(20) NOT NULL,
  PRIMARY KEY (`USER_ID`)
) ENGINE=InnoDB DEFAULT CHARSET=utf8mb3;

-- 테이블 데이터 edupackdb.tb_user:~2 rows (대략적) 내보내기
/*!40000 ALTER TABLE `tb_user` DISABLE KEYS */;
INSERT INTO `tb_user` (`USER_ID`, `USER_NAME`, `EN_NAME`, `CELL_PHONE`, `COMPANY`, `DEPT_ID`, `JOB_POSITION`, `ZIP_CODE`, `ADDRESS`, `EMAIL`, `PASSWORD`) VALUES
	('admin', '관리자', 'Admin', '01012345678', '투비소프트', NULL, NULL, NULL, NULL, NULL, '1234'),
	('edu', '고육담당', 'Education', '01098765432', '투비소프트', '교육', NULL, NULL, NULL, 'edu@tobesoft.com', '1212');
/*!40000 ALTER TABLE `tb_user` ENABLE KEYS */;

/*!40101 SET SQL_MODE=IFNULL(@OLD_SQL_MODE, '') */;
/*!40014 SET FOREIGN_KEY_CHECKS=IFNULL(@OLD_FOREIGN_KEY_CHECKS, 1) */;
/*!40101 SET CHARACTER_SET_CLIENT=@OLD_CHARACTER_SET_CLIENT */;
/*!40111 SET SQL_NOTES=IFNULL(@OLD_SQL_NOTES, 1) */;
