﻿<?xml version="1.0" encoding="utf-8"?>
<TypeDefinition version="3.0">
  <Modules>
    <Module url="CompBase.json"/>
    <Module url="ComComp.json"/>
    <Module url="Grid.json"/>
    <Module url="ListView.json"/>
    <Module url="DeviceAPI.json"/>
    <Module url="ExtJs.json"/>
  </Modules>
  <Components>
    <Component type="JavaScript" id="Button" classname="nexacro.Button" prefixid="btn"/>
    <Component type="JavaScript" id="Combo" classname="nexacro.Combo" prefixid="cmb"/>
    <Component type="JavaScript" id="Edit" classname="nexacro.Edit" prefixid="edt"/>
    <Component type="JavaScript" id="MaskEdit" classname="nexacro.MaskEdit" prefixid="mEdt"/>
    <Component type="JavaScript" id="TextArea" classname="nexacro.TextArea" prefixid="tErea"/>
    <Component type="JavaScript" id="Static" classname="nexacro.Static" prefixid="sta"/>
    <Component type="JavaScript" id="Div" classname="nexacro.Div"/>
    <Component type="JavaScript" id="PopupDiv" classname="nexacro.PopupDiv" prefixid="pDiv"/>
    <Component type="JavaScript" id="Radio" classname="nexacro.Radio"/>
    <Component type="JavaScript" id="CheckBox" classname="nexacro.CheckBox"/>
    <Component type="JavaScript" id="ListBox" classname="nexacro.ListBox"/>
    <Component type="JavaScript" id="Grid" classname="nexacro.Grid"/>
    <Component type="JavaScript" id="Spin" classname="nexacro.Spin"/>
    <Component type="JavaScript" id="Menu" classname="nexacro.Menu"/>
    <Component type="JavaScript" id="PopupMenu" classname="nexacro.PopupMenu"/>
    <Component type="JavaScript" id="Tab" classname="nexacro.Tab"/>
    <Component type="JavaScript" id="GroupBox" classname="nexacro.GroupBox"/>
    <Component type="JavaScript" id="Calendar" classname="nexacro.Calendar"/>
    <Component type="JavaScript" id="ImageViewer" classname="nexacro.ImageViewer"/>
    <Component type="JavaScript" id="ProgressBar" classname="nexacro.ProgressBar"/>
    <Component type="JavaScript" id="Plugin" classname="nexacro.Plugin"/>
    <Component type="JavaScript" id="Dataset" classname="nexacro.NormalDataset"/>
    <Component type="JavaScript" id="ListView" classname="nexacro.ListView"/>
    <Component type="JavaScript" id="DataObject" classname="nexacro.DataObject"/>
    <Component type="JavaScript" id="CheckBoxSet" classname="nexacro.CheckBoxSet"/>
    <Component type="JavaScript" id="MultiCombo" classname="nexacro.MultiCombo"/>
    <Component type="JavaScript" id="WebBrowser" classname="nexacro.WebBrowser"/>
    <Component type="JavaScript" id="FileDownload" classname="nexacro.FileDownload"/>
    <Component type="JavaScript" id="FileUpload" classname="nexacro.FileUpload"/>
    <Component type="JavaScript" id="FileDialog" classname="nexacro.FileDialog"/>
    <Component type="JavaScript" id="FileUpTransfer" classname="nexacro.FileUpTransfer"/>
    <Component type="JavaScript" id="FileDownTransfer" classname="nexacro.FileDownTransfer"/>
    <Component type="JavaScript" id="WebView" classname="nexacro.WebView"/>
  </Components>
  <Services>
    <Service prefixid="theme" type="resource" url="./_resource_/_theme_/" version="0" cachelevel="session" include_subdir="true"/>
    <Service prefixid="initvalue" type="resource" url="./_resource_/_initvalue_/" version="0" cachelevel="session" include_subdir="false"/>
    <Service prefixid="xcssrc" type="resource" url="./_resource_/_xcss_/" version="0" cachelevel="session" include_subdir="false"/>
    <Service prefixid="imagerc" type="resource" url="./_resource_/_images_/" version="0" cachelevel="session" include_subdir="true"/>
    <Service prefixid="font" type="resource" url="./_resource_/_font_/" version="0" cachelevel="session" include_subdir="false"/>
    <Service prefixid="extlib" type="resource" url="./_extlib_/" version="0" cachelevel="session" include_subdir="true"/>
    <Service prefixid="Base" type="form" url="./Base/" version="0" cachelevel="session" include_subdir="false" communicationversion="0"/>
    <Service prefixid="form" type="form" url="./form/" version="0" cachelevel="session" include_subdir="false" communicationversion="0"/>
    <Service prefixid="userInfo" type="form" url="./userInfo/" version="0" cachelevel="session" include_subdir="false" communicationversion="0"/>
    <Service prefixid="sellerInfo" type="form" url="./sellerInfo/" version="0" cachelevel="session" include_subdir="false" communicationversion="0"/>
    <Service prefixid="sellerForm" type="form" url="./sellerForm/" version="0" cachelevel="session" include_subdir="false" communicationversion="0"/>
    <Service prefixid="ExtJs" type="js" url="./nexacrolib/component/ExtJs/" version="0" cachelevel="session" include_subdir="false" communicationversion="0"/>
    <Service prefixid="Cmm" type="form" url="./Cmm/" version="0" cachelevel="session" include_subdir="false" communicationversion="0"/>
    <Service prefixid="Sample" type="form" url="./Sample/" version="0" cachelevel="session" include_subdir="false" communicationversion="0"/>
    <Service prefixid="SvcUrl" type="JSP" version="0" cachelevel="session" include_subdir="false" communicationversion="0" url="http://172.10.14.144:8088/edupack_egov/"/>
  </Services>
  <Protocols/>
  <DeviceAdaptors/>
  <Update/>
</TypeDefinition>
