{
	"Common" : {
		"nexacrohandle" : "0x00041842",
		"resourcepath" : "C:\\Users\\cheay\\Documents\\TOBESOFT\\Nexacro N\\deploy\\edupack_nexacro\\_windows_",
		"bootstrapjson" : "http://localhost:8088/edupack_egov/edupack_nexacro/_windows_/start.json",
		"programname" : "edupack_nexacro",
		"applicationkey" : "edupack_nexacro",
		"installlocation" : "TOBESOFT\\Nexacro N\\21\\edupack_nexacro\\",
		"externalsetupresource" : "false",
		"installmode" : "Default",
		"autoupdate" : "Auto",
		"shortcutinstalltype" : "userselect",
		"updatebrowser" : "true",
		"onlyone" : "false"
	},
	"Windows_x86" : {
		"outputpath" : "C:\\Users\\cheay\\Documents\\TOBESOFT\\Nexacro N\\deploy\\edupack_nexacro\\_windows_\\EduNexacroN_SetupRuntime_x86.exe",
		"setupversion" : "21.0.0.1800",
		"enginesetupkey" : "24E68D0D-1908-4C0C-931E-9314C44AE5AA",
		"originalfile" : "C:\\Program Files (x86)\\TOBESOFT\\Nexacro N\\SDK\\21.0.0\\SetupRuntime\\NexacroN_SetupRuntime_x86.exe"
	},
	"Windows_x64" : {
		"outputpath" : "C:\\Users\\cheay\\Documents\\TOBESOFT\\Nexacro N\\deploy\\edupack_nexacro\\_windows_\\EduNexacroN_SetupRuntime_x64.exe",
		"setupversion" : "21.0.0.1800",
		"enginesetupkey" : "40DA567D-1EF2-4F73-A0AE-94A2C3468CE8",
		"originalfile" : "C:\\Program Files (x86)\\TOBESOFT\\Nexacro N\\SDK\\21.0.0\\SetupRuntime\\NexacroN_SetupRuntime_x64.exe"
	}
}